TransactionID,UserID,RecipientID,Amount,Type,Date,UtilityType
1,428,241.0,14.59,P2P,2024-04-13,
2,277,488.0,178.23,P2P,2024-08-23,
3,333,400.0,478.86,P2P,2024-12-01,
4,21,487.0,127.41,P2P,2024-12-01,
5,430,319.0,80.43,P2P,2024-03-03,
6,65,,140.5,Utility,2025-01-08,Water
7,486,239.0,351.24,P2P,2024-08-10,
8,393,,50.2,Utility,2024-04-19,Water
9,494,4.0,780.01,Merchant,2024-11-11,
10,84,,39.46,Utility,2025-01-02,Electricity
11,476,,123.64,Utility,2024-06-21,Gas
12,204,7.0,85.24,Merchant,2024-10-02,
13,354,8.0,110.88,Merchant,2024-08-29,
14,396,,173.05,Utility,2024-09-29,Water
15,413,408.0,492.0,P2P,2024-03-08,
16,401,178.0,268.71,P2P,2024-09-06,
17,339,,32.41,Utility,2024-04-25,Water
18,175,435.0,212.93,P2P,2024-11-19,
19,251,222.0,480.59,P2P,2024-05-05,
20,326,,147.32,Utility,2024-05-26,Gas
21,91,17.0,965.82,Merchant,2024-05-15,
22,139,18.0,776.9,Merchant,2024-02-29,
23,239,,168.63,Utility,2024-02-15,Water
24,138,,173.31,Utility,2024-06-21,Electricity
25,143,,63.9,Utility,2024-06-26,Gas
26,292,13.0,343.03,Merchant,2024-07-29,
27,254,,52.73,Utility,2024-03-12,Electricity
28,182,,81.26,Utility,2024-08-25,Water
29,360,,120.04,Utility,2024-07-24,Water
30,486,44.0,124.47,P2P,2024-09-16,
31,209,,119.93,Utility,2024-12-22,Electricity
32,354,,136.26,Utility,2024-11-10,Gas
33,230,48.0,150.65,P2P,2024-03-31,
34,208,8.0,313.14,Merchant,2024-12-29,
35,298,,105.19,Utility,2024-03-24,Water
36,177,,199.39,Utility,2024-12-20,Water
37,170,,146.51,Utility,2024-07-09,Gas
38,157,,61.5,Utility,2024-01-21,Water
39,99,,41.52,Utility,2024-03-19,Water
40,487,6.0,199.63,Merchant,2024-03-01,
41,379,,69.77,Utility,2024-06-25,Water
42,390,20.0,290.17,Merchant,2024-04-26,
43,52,152.0,117.6,P2P,2024-11-07,
44,92,,22.55,Utility,2024-08-17,Water
45,65,,28.19,Utility,2024-10-17,Electricity
46,284,,145.54,Utility,2025-01-10,Electricity
47,327,,38.47,Utility,2024-07-15,Electricity
48,294,,104.49,Utility,2024-10-29,Gas
49,175,495.0,30.43,P2P,2024-02-23,
50,482,,40.54,Utility,2024-03-04,Electricity
51,206,,33.33,Utility,2024-12-17,Water
52,352,78.0,78.85,P2P,2024-01-28,
53,289,,35.33,Utility,2024-12-03,Electricity
54,61,14.0,610.25,Merchant,2024-06-30,
55,405,8.0,777.94,Merchant,2025-04-10,
56,195,,183.53,Utility,2024-10-08,Gas
57,441,14.0,312.33,Merchant,2024-03-19,
58,318,313.0,480.25,P2P,2024-02-12,
59,51,321.0,109.46,P2P,2024-03-06,
60,339,81.0,123.73,P2P,2024-08-01,
61,283,81.0,6.32,P2P,2024-12-16,
62,231,20.0,475.21,Merchant,2024-08-07,
63,17,148.0,354.94,P2P,2025-01-05,
64,360,,32.81,Utility,2024-06-13,Electricity
65,474,,161.81,Utility,2024-12-31,Water
66,302,7.0,430.89,Merchant,2024-06-27,
67,279,332.0,78.75,P2P,2024-05-31,
68,137,37.0,34.52,P2P,2024-03-04,
69,406,,127.11,Utility,2024-06-19,Water
70,472,,99.05,Utility,2024-10-11,Gas
71,353,,145.95,Utility,2024-08-18,Gas
72,257,16.0,443.38,Merchant,2024-04-17,
73,307,456.0,218.85,P2P,2024-10-17,
74,166,9.0,35.61,Merchant,2024-05-07,
75,118,19.0,591.25,Merchant,2024-03-01,
76,11,9.0,580.48,Merchant,2024-05-24,
77,391,241.0,261.89,P2P,2024-12-28,
78,227,,52.67,Utility,2024-11-30,Water
79,224,16.0,969.36,Merchant,2024-12-28,
80,241,,93.5,Utility,2024-05-24,Gas
81,344,440.0,84.61,P2P,2024-08-31,
82,211,16.0,295.34,Merchant,2024-09-07,
83,484,,166.44,Utility,2024-09-10,Water
84,19,,35.85,Utility,2024-02-25,Gas
85,166,497.0,387.41,P2P,2024-10-21,
86,443,1.0,661.08,Merchant,2024-02-01,
87,278,,94.38,Utility,2024-02-12,Electricity
88,266,,132.07,Utility,2024-10-27,Gas
89,321,,156.8,Utility,2025-01-06,Electricity
90,137,5.0,928.4,Merchant,2024-05-31,
91,225,16.0,130.21,Merchant,2024-07-07,
92,499,20.0,801.32,Merchant,2025-01-02,
93,364,160.0,277.67,P2P,2024-06-21,
94,283,,36.78,Utility,2024-09-15,Electricity
95,237,332.0,416.91,P2P,2024-07-07,
96,256,10.0,513.78,Merchant,2024-10-28,
97,140,,170.25,Utility,2024-12-04,Gas
98,125,,119.23,Utility,2024-07-02,Gas
99,98,17.0,748.83,Merchant,2024-05-06,
100,70,142.0,387.47,P2P,2024-11-04,
101,438,,81.18,Utility,2024-07-18,Water
102,137,145.0,364.4,P2P,2024-10-12,
103,429,19.0,998.91,Merchant,2024-03-07,
104,251,229.0,271.6,P2P,2024-10-25,
105,177,,119.35,Utility,2024-03-26,Water
106,194,,187.91,Utility,2024-10-22,Electricity
107,358,293.0,194.57,P2P,2024-11-07,
108,439,,27.86,Utility,2024-08-30,Water
109,243,13.0,392.22,Merchant,2025-01-04,
110,340,5.0,500.38,Merchant,2024-11-28,
111,19,258.0,482.85,P2P,2025-01-12,
112,170,448.0,423.29,P2P,2024-07-30,
113,52,15.0,25.19,Merchant,2024-02-16,
114,74,,176.77,Utility,2024-03-14,Electricity
115,39,,160.67,Utility,2024-12-27,Gas
116,174,13.0,653.34,Merchant,2024-01-18,
117,437,,173.42,Utility,2024-09-01,Water
118,195,,132.82,Utility,2024-09-01,Gas
119,447,2.0,621.28,Merchant,2024-06-06,
120,121,10.0,997.45,Merchant,2024-10-02,
121,383,223.0,489.28,P2P,2024-09-23,
122,390,4.0,449.24,Merchant,2024-07-09,
123,356,,182.62,Utility,2024-06-10,Electricity
124,167,151.0,182.44,P2P,2024-05-18,
125,221,126.0,267.93,P2P,2024-07-03,
126,290,6.0,178.28,Merchant,2024-03-23,
127,41,13.0,623.51,Merchant,2024-07-30,
128,124,,184.31,Utility,2024-10-21,Electricity
129,119,,134.82,Utility,2024-08-30,Gas
130,131,1.0,899.92,Merchant,2024-05-02,
131,239,,141.97,Utility,2024-11-10,Electricity
132,38,,190.14,Utility,2024-02-21,Water
133,154,14.0,693.41,Merchant,2024-04-14,
134,234,,55.86,Utility,2024-05-09,Gas
135,437,,39.2,Utility,2024-07-24,Gas
136,293,,123.47,Utility,2024-05-26,Water
137,152,425.0,330.82,P2P,2024-02-02,
138,141,290.0,433.21,P2P,2024-08-21,
139,399,2.0,911.51,Merchant,2024-08-03,
140,382,,169.91,Utility,2024-12-28,Gas
141,398,311.0,401.96,P2P,2024-08-05,
142,113,7.0,624.68,Merchant,2024-08-27,
143,348,5.0,631.97,Merchant,2024-07-30,
144,463,2.0,315.84,Merchant,2024-12-07,
145,226,297.0,185.61,P2P,2025-01-09,
146,68,466.0,151.08,P2P,2024-06-28,
147,383,,51.62,Utility,2024-05-04,Electricity
148,403,12.0,535.54,Merchant,2024-05-19,
149,468,,169.49,Utility,2024-06-12,Gas
150,468,,194.13,Utility,2024-05-17,Gas
151,383,,164.76,Utility,2024-11-04,Gas
152,494,73.0,378.3,P2P,2024-03-24,
153,116,13.0,967.6,Merchant,2024-03-10,
154,412,12.0,99.4,Merchant,2024-01-31,
155,203,136.0,270.6,P2P,2024-11-26,
156,233,,141.11,Utility,2024-10-26,Water
157,135,13.0,824.19,Merchant,2024-12-22,
158,482,,39.5,Utility,2024-10-24,Electricity
159,242,318.0,442.7,P2P,2024-04-05,
160,288,,184.75,Utility,2024-06-30,Electricity
161,332,326.0,412.81,P2P,2024-08-03,
162,466,10.0,652.75,Merchant,2024-05-02,
163,60,24.0,473.4,P2P,2024-08-25,
164,156,,40.9,Utility,2024-12-21,Electricity
165,455,5.0,394.76,Merchant,2024-09-10,
166,190,18.0,424.94,Merchant,2024-05-16,
167,381,5.0,886.56,Merchant,2024-02-22,
168,336,427.0,247.23,P2P,2024-05-28,
169,209,,25.89,Utility,2024-05-04,Gas
170,112,,100.05,Utility,2024-03-19,Electricity
171,438,,37.88,Utility,2024-03-01,Water
172,189,12.0,69.94,Merchant,2024-05-05,
173,142,496.0,65.47,P2P,2024-04-30,
174,435,,36.5,Utility,2024-07-21,Electricity
175,329,20.0,971.38,Merchant,2024-07-03,
176,26,,63.84,Utility,2024-04-10,Electricity
177,403,7.0,77.92,Merchant,2024-12-23,
178,392,7.0,590.52,Merchant,2024-03-20,
179,417,169.0,388.31,P2P,2024-05-06,
180,404,1.0,284.5,Merchant,2025-01-13,
181,75,277.0,129.07,P2P,2025-01-05,
182,90,339.0,433.89,P2P,2024-04-24,
183,68,184.0,396.04,P2P,2024-09-06,
184,122,11.0,25.62,Merchant,2024-11-02,
185,136,65.0,372.15,P2P,2024-02-25,
186,270,382.0,36.46,P2P,2025-01-08,
187,230,,112.38,Utility,2024-04-13,Electricity
188,232,8.0,945.96,Merchant,2024-09-29,
189,23,17.0,308.61,Merchant,2024-05-02,
190,330,32.0,499.3,P2P,2024-03-09,
191,434,,96.73,Utility,2024-02-21,Electricity
192,252,15.0,82.76,Merchant,2024-04-04,
193,42,,129.49,Utility,2024-08-16,Electricity
194,65,,132.38,Utility,2024-12-05,Water
195,281,11.0,387.1,Merchant,2024-07-30,
196,306,10.0,459.18,Merchant,2024-11-03,
197,310,,37.85,Utility,2024-03-20,Water
198,59,18.0,723.63,Merchant,2025-12-22,
199,111,,101.28,Utility,2024-09-03,Electricity
200,212,,168.94,Utility,2024-12-30,Gas
201,213,4.0,319.42,Merchant,2024-01-30,
202,161,9.0,380.56,Merchant,2024-12-25,
203,79,16.0,76.46,Merchant,2024-08-11,
204,426,48.0,218.78,P2P,2024-08-10,
205,382,12.0,813.65,Merchant,2024-11-20,
206,285,301.0,478.53,P2P,2024-03-30,
207,288,,140.6,Utility,2024-01-17,Gas
208,182,14.0,869.41,Merchant,2024-07-22,
209,370,496.0,147.38,P2P,2024-12-03,
210,160,,38.65,Utility,2024-11-29,Water
211,109,337.0,243.68,P2P,2024-01-25,
212,434,180.0,423.46,P2P,2024-06-06,
213,189,391.0,142.89,P2P,2024-04-02,
214,116,,172.13,Utility,2024-05-03,Water
215,315,18.0,35.99,Merchant,2025-01-14,
216,476,9.0,38.66,Merchant,2024-08-23,
217,140,10.0,922.32,Merchant,2024-06-28,
218,180,93.0,435.58,P2P,2024-10-25,
219,290,13.0,78.89,Merchant,2024-07-05,
220,380,1.0,100.84,Merchant,2024-08-04,
221,272,193.0,212.82,P2P,2024-03-04,
222,175,190.0,159.26,P2P,2024-12-02,
223,167,20.0,94.11,Merchant,2024-07-09,
224,27,81.0,378.45,P2P,2024-05-08,
225,26,3.0,279.38,Merchant,2025-01-05,
226,339,,107.42,Utility,2024-02-26,Gas
227,213,,58.8,Utility,2024-10-19,Water
228,59,,97.38,Utility,2024-10-15,Gas
229,348,19.0,491.77,Merchant,2025-01-05,
230,342,,28.18,Utility,2024-12-08,Gas
231,307,4.0,106.19,P2P,2024-03-01,
232,485,393.0,72.93,P2P,2024-07-05,
233,131,,79.06,Utility,2024-12-25,Electricity
234,255,14.0,183.94,Merchant,2024-06-30,
235,195,8.0,505.26,Merchant,2024-07-24,
236,427,12.0,81.35,Merchant,2024-04-26,
237,442,2.0,441.86,Merchant,2024-02-17,
238,236,442.0,159.97,P2P,2024-12-15,
239,220,13.0,712.4,Merchant,2024-03-08,
240,214,,40.73,Utility,2024-05-02,Electricity
241,495,,50.94,Utility,2024-10-25,Water
242,236,12.0,97.25,Merchant,2024-09-30,
243,433,125.0,220.66,P2P,2024-02-29,
244,206,3.0,401.81,Merchant,2024-05-31,
245,159,11.0,229.36,Merchant,2024-11-22,
246,399,40.0,257.69,P2P,2024-02-14,
247,59,17.0,201.96,Merchant,2024-10-30,
248,398,,83.2,Utility,2024-11-18,Water
249,418,121.0,55.89,P2P,2024-04-10,
250,132,89.0,303.19,P2P,2024-10-23,
251,390,3.0,185.37,Merchant,2024-02-12,
252,396,16.0,469.31,Merchant,2024-05-21,
253,289,15.0,684.32,Merchant,2024-03-15,
254,452,20.0,329.98,Merchant,2024-07-29,
255,498,11.0,159.45,Merchant,2024-05-24,
256,35,,99.6,Utility,2024-05-01,Gas
257,408,,126.46,Utility,2024-07-09,Gas
258,260,159.0,233.56,P2P,2024-09-15,
259,20,189.0,416.69,P2P,2024-10-26,
260,40,3.0,618.86,Merchant,2024-08-01,
261,260,,103.29,Utility,2024-10-02,Water
262,489,2.0,455.24,Merchant,2024-11-11,
263,415,7.0,328.31,Merchant,2024-02-12,
264,244,5.0,958.15,Merchant,2024-10-15,
265,231,416.0,450.07,P2P,2024-10-08,
266,176,3.0,509.5,Merchant,2024-05-16,
267,89,127.0,355.27,P2P,2024-12-26,
268,225,17.0,613.71,Merchant,2025-01-08,
269,187,,185.23,Utility,2024-01-29,Gas
270,210,,142.2,Utility,2024-07-01,Electricity
271,405,11.0,75.25,Merchant,2024-02-23,
272,49,13.0,291.31,Merchant,2025-01-11,
273,371,20.0,874.55,Merchant,2024-10-14,
274,171,299.0,333.49,P2P,2024-11-18,
275,470,,75.84,Utility,2024-08-04,Water
276,358,13.0,137.66,Merchant,2024-05-17,
277,363,159.0,281.67,P2P,2024-03-28,
278,330,,166.37,Utility,2024-12-06,Water
279,360,17.0,102.52,Merchant,2024-08-18,
280,344,,111.53,Utility,2024-09-27,Electricity
281,186,,52.45,Utility,2024-12-05,Electricity
282,175,,54.56,Utility,2024-12-20,Electricity
283,80,152.0,422.99,P2P,2024-09-14,
284,52,18.0,836.77,Merchant,2024-01-28,
285,453,2.0,665.31,Merchant,2024-09-17,
286,449,5.0,601.27,Merchant,2024-09-14,
287,79,93.0,416.52,P2P,2024-01-18,
288,395,6.0,723.97,Merchant,2024-04-19,
289,23,,85.57,Utility,2024-03-08,Water
290,122,,129.91,Utility,2024-08-29,Water
291,402,,62.12,Utility,2024-06-09,Electricity
292,159,,182.72,Utility,2024-12-18,Electricity
293,189,19.0,984.6,Merchant,2024-04-09,
294,237,,160.06,Utility,2024-10-02,Water
295,271,,193.93,Utility,2024-03-30,Electricity
296,411,5.0,874.27,Merchant,2024-04-27,
297,27,16.0,875.38,Merchant,2024-07-15,
298,284,365.0,423.72,P2P,2024-03-13,
299,436,146.0,46.52,P2P,2024-07-21,
300,83,,100.88,Utility,2024-11-26,Water
301,76,,36.51,Utility,2024-03-27,Electricity
302,419,,179.23,Utility,2024-10-25,Electricity
303,213,203.0,253.49,P2P,2024-07-25,
304,121,,199.01,Utility,2024-05-03,Gas
305,115,164.0,465.76,P2P,2024-03-06,
306,430,11.0,793.47,Merchant,2024-04-01,
307,71,147.0,459.11,P2P,2024-09-17,
308,242,5.0,761.25,Merchant,2024-12-20,
309,241,,130.76,Utility,2024-02-18,Electricity
310,10,,58.82,Utility,2024-08-02,Electricity
311,281,20.0,532.49,Merchant,2024-12-12,
312,57,,62.78,Utility,2024-10-21,Electricity
313,25,,321.28,P2P,2024-11-01,
314,319,,31.31,Utility,2024-04-07,Gas
315,306,1.0,635.64,Merchant,2024-01-16,
316,295,368.0,76.07,P2P,2024-07-01,
317,220,315.0,179.64,P2P,2024-02-10,
318,293,,53.72,Utility,2024-07-23,Water
319,44,12.0,77.0,Merchant,2024-08-18,
320,270,17.0,788.55,Merchant,2024-09-08,
321,260,1.0,396.55,Merchant,2024-04-04,
322,241,326.0,196.51,P2P,2024-10-16,
323,192,,154.52,Utility,2024-03-24,Gas
324,404,177.0,124.36,P2P,2024-01-30,
325,337,4.0,773.79,Merchant,2024-06-25,
326,377,,44.01,Utility,2024-10-08,Gas
327,280,,166.43,Utility,2024-04-26,Electricity
328,426,15.0,981.01,Merchant,2024-09-09,
329,246,6.0,813.38,Merchant,2024-06-10,
330,33,15.0,46.61,Merchant,2024-09-16,
331,104,406.0,103.74,P2P,2024-08-28,
332,22,,188.01,Utility,2024-04-15,Water
333,204,16.0,260.78,Merchant,2024-09-18,
334,386,7.0,293.25,Merchant,2024-05-29,
335,442,444.0,329.59,P2P,2024-07-21,
336,140,410.0,187.17,P2P,2024-08-08,
337,456,,153.8,Utility,2024-09-26,Gas
338,174,255.0,347.57,P2P,2024-03-24,
339,189,9.0,803.14,Merchant,2024-12-20,
340,373,,34.21,Utility,2024-05-10,Water
341,422,280.0,150.41,P2P,2024-12-06,
342,53,168.0,332.16,P2P,2024-04-14,
343,157,,128.47,Utility,2024-12-19,Gas
344,86,15.0,358.03,Merchant,2024-05-07,
345,22,12.0,618.7,Merchant,2024-09-30,
346,223,,135.1,Utility,2024-07-21,Electricity
347,39,13.0,369.68,Merchant,2024-07-23,
348,411,6.0,953.26,Merchant,2024-11-19,
349,74,15.0,44.45,Merchant,2024-09-15,
350,35,399.0,324.36,P2P,2024-06-15,
351,186,,190.9,Utility,2024-09-03,Electricity
352,310,348.0,227.71,P2P,2024-06-01,
353,190,,99.91,Utility,2024-08-13,Electricity
354,294,272.0,186.64,P2P,2024-07-19,
355,161,9.0,257.12,Merchant,2024-05-08,
356,59,377.0,97.09,P2P,2024-02-21,
357,266,,184.44,Utility,2024-04-09,Electricity
358,135,,146.73,Utility,2024-02-27,Electricity
359,314,,144.92,Utility,2024-12-22,Gas
360,103,70.0,427.15,P2P,2024-12-28,
361,232,461.0,358.12,P2P,2024-11-03,
362,45,11.0,671.16,Merchant,2024-11-06,
363,364,282.0,273.37,P2P,2024-05-05,
364,457,,173.25,Utility,2024-06-25,Water
365,364,6.0,795.76,Merchant,2024-07-06,
366,261,63.0,492.64,P2P,2024-05-20,
367,406,122.0,396.23,P2P,2024-04-20,
368,14,,119.72,Utility,2024-09-28,Gas
369,240,5.0,615.83,Merchant,2024-06-28,
370,45,159.0,202.09,P2P,2024-02-28,
371,368,16.0,530.44,Merchant,2024-03-23,
372,394,,168.2,Utility,2024-07-13,Electricity
373,65,,135.62,Utility,2024-05-17,Gas
374,239,17.0,351.07,Merchant,2024-09-27,
375,450,19.0,190.14,Merchant,2024-02-28,
376,495,222.0,253.92,P2P,2024-05-28,
377,445,426.0,66.46,P2P,2024-10-11,
378,79,,49.64,Utility,2024-06-17,Gas
379,479,8.0,352.56,Merchant,2024-10-14,
380,482,10.0,847.47,Merchant,2024-03-04,
381,129,326.0,478.39,P2P,2024-11-10,
382,141,321.0,154.9,P2P,2024-12-22,
383,274,258.0,322.29,P2P,2024-07-20,
384,304,5.0,179.49,Merchant,2024-12-06,
385,320,20.0,344.24,Merchant,2024-11-22,
386,474,2.0,826.98,Merchant,2024-12-15,
387,15,24.0,474.53,P2P,2024-07-22,
388,395,9.0,654.62,Merchant,2024-09-04,
389,393,14.0,621.93,Merchant,2024-06-23,
390,16,,180.02,Utility,2024-10-07,Water
391,149,10.0,488.12,Merchant,2024-04-15,
392,413,13.0,304.46,Merchant,2024-01-26,
393,38,2.0,166.5,Merchant,2024-05-06,
394,213,,103.6,Utility,2024-04-28,Gas
395,311,161.0,431.44,P2P,2024-07-30,
396,164,12.0,975.62,Merchant,2024-04-07,
397,67,,112.7,Utility,2024-12-25,Electricity
398,164,239.0,65.65,P2P,2024-12-10,
399,231,73.0,52.92,P2P,2024-11-14,
400,149,,175.55,Utility,2024-06-21,Gas
401,128,417.0,167.08,P2P,2024-02-07,
402,296,11.0,197.94,Merchant,2024-08-20,
403,82,,199.27,Utility,2024-11-09,Gas
404,256,,109.53,Utility,2024-05-19,Electricity
405,484,,110.98,Utility,2024-04-25,Electricity
406,111,12.0,58.17,Merchant,2024-10-03,
407,145,,127.55,Utility,2024-05-17,Water
408,345,,71.43,Utility,2024-06-22,Electricity
409,434,221.0,71.3,P2P,2024-06-14,
410,136,12.0,766.22,Merchant,2024-11-24,
411,188,206.0,30.32,P2P,2024-07-04,
412,288,186.0,278.85,P2P,2024-06-28,
413,38,,110.77,Utility,2024-06-17,Water
414,144,,127.62,Merchant,2024-04-25,
415,500,202.0,189.73,P2P,2025-01-03,
416,174,12.0,757.42,Merchant,2024-02-05,
417,102,17.0,407.37,Merchant,2024-04-28,
418,21,20.0,72.83,P2P,2024-07-21,
419,171,,113.48,Utility,2024-10-23,Electricity
420,311,5.0,334.69,Merchant,2024-04-09,
421,314,,49.25,Utility,2024-05-25,Water
422,379,,126.87,Utility,2024-09-18,Water
423,425,18.0,494.95,Merchant,2024-11-27,
424,289,,105.48,Utility,2024-02-01,Electricity
425,189,,141.29,Utility,2024-05-13,Gas
426,299,,163.42,Utility,2024-07-06,Water
427,447,1.0,600.94,Merchant,2024-06-22,
428,136,19.0,581.86,Merchant,2024-04-09,
429,370,299.0,242.82,P2P,2024-08-24,
430,269,20.0,776.86,Merchant,2024-12-20,
431,195,421.0,341.96,P2P,2024-03-19,
432,17,4.0,198.88,Merchant,2024-08-10,
433,226,,95.38,Utility,2024-04-04,Gas
434,354,211.0,253.4,P2P,2024-11-12,
435,314,,177.11,Utility,2024-09-13,Water
436,373,362.0,73.35,P2P,2024-02-26,
437,107,11.0,998.14,Merchant,2024-09-09,
438,245,13.0,320.62,Merchant,2024-09-08,
439,89,,184.18,Utility,2024-05-22,Gas
440,280,,141.66,Utility,2024-03-05,Water
441,349,9.0,613.98,Merchant,2024-09-05,
442,99,143.0,281.25,P2P,2024-08-11,
443,116,,158.81,Utility,2024-01-22,Water
444,107,16.0,323.87,Merchant,2024-10-21,
445,179,9.0,294.91,Merchant,2024-01-23,
446,294,18.0,385.9,Merchant,2024-11-21,
447,203,,191.83,Utility,2024-06-10,Electricity
448,149,148.0,477.88,P2P,2024-02-19,
449,41,,186.32,Utility,2024-11-13,Water
450,132,16.0,221.85,Merchant,2024-10-14,
451,424,9.0,933.69,Merchant,2024-05-23,
452,357,,44.71,Utility,2025-01-03,Water
453,380,8.0,250.03,Merchant,2024-05-30,
454,343,8.0,641.57,Merchant,2024-11-07,
455,27,212.0,168.5,P2P,2024-11-07,
456,242,349.0,386.53,P2P,2024-08-16,
457,3,6.0,412.84,Merchant,2024-02-08,
458,479,,105.94,Utility,2024-09-25,Electricity
459,388,,77.81,Utility,2024-02-03,Water
460,31,334.0,289.2,P2P,2024-08-03,
461,274,2.0,914.1,Merchant,2024-04-05,
462,90,,178.8,Utility,2024-06-03,Electricity
463,479,429.0,201.51,P2P,2024-08-09,
464,254,480.0,375.76,P2P,2024-04-01,
465,447,,177.81,Utility,2024-03-15,Electricity
466,153,20.0,116.23,Merchant,2024-12-05,
467,172,,101.78,Utility,2024-08-10,Water
468,279,16.0,890.37,Merchant,2024-06-16,
469,69,15.0,280.11,Merchant,2024-12-13,
470,415,170.0,85.43,P2P,2024-10-19,
471,235,9.0,721.41,Merchant,2024-04-13,
472,8,11.0,792.86,Merchant,2024-05-06,
473,291,7.0,183.74,Merchant,2024-11-21,
474,439,13.0,828.72,Merchant,2024-03-17,
475,264,,35.61,Utility,2025-01-02,Water
476,49,72.0,241.34,P2P,2024-06-08,
477,480,4.0,134.09,P2P,2024-05-22,
478,121,,155.68,Utility,2024-06-23,Gas
479,155,19.0,21.32,Merchant,2024-04-07,
480,335,,144.7,Utility,2024-08-16,Electricity
481,342,239.0,156.87,P2P,2024-10-25,
482,208,17.0,923.87,Merchant,2024-04-20,
483,455,10.0,693.39,Merchant,2025-01-14,
484,328,,86.16,Utility,2024-01-20,Electricity
485,113,245.0,80.83,P2P,2024-01-29,
486,383,12.0,421.69,Merchant,2024-12-08,
487,282,,156.32,Utility,2024-01-22,Water
488,423,391.0,127.5,P2P,2024-11-03,
489,387,3.0,530.25,Merchant,2025-01-14,
490,271,12.0,87.32,Merchant,2024-08-06,
491,289,32.0,415.24,P2P,2024-02-23,
492,463,7.0,576.97,Merchant,2024-07-27,
493,77,168.0,427.97,P2P,2024-06-17,
494,227,349.0,106.67,P2P,2024-11-17,
495,299,,36.37,Utility,2024-07-21,Water
496,229,233.0,70.31,P2P,2024-01-31,
497,213,,121.5,Utility,2024-03-15,Water
498,237,10.0,726.05,Merchant,2024-05-03,
499,203,,166.96,Utility,2024-05-11,Water
500,112,3.0,54.84,Merchant,2024-01-24,
501,177,3.0,545.75,Merchant,2024-04-13,
502,31,479.0,238.68,P2P,2024-09-16,
503,147,,52.4,Utility,2024-11-09,Electricity
504,393,14.0,380.72,Merchant,2024-10-08,
505,457,,100.74,Utility,2024-04-20,Gas
506,193,350.0,482.25,P2P,2024-01-28,
507,448,5.0,657.0,Merchant,2024-04-29,
508,179,92.0,496.46,P2P,2024-11-01,
509,202,5.0,730.58,Merchant,2024-03-03,
510,115,388.0,16.25,P2P,2024-11-25,
511,153,,141.23,Utility,2024-11-14,Water
512,218,13.0,825.13,Merchant,2024-06-09,
513,127,,82.31,Utility,2024-09-25,Gas
514,97,4.0,41.9,Merchant,2024-06-18,
515,339,,130.69,Utility,2024-03-05,Electricity
516,124,35.0,54.94,P2P,2024-11-27,
517,18,,127.6,Utility,2024-10-28,Water
518,447,126.0,371.57,P2P,2024-12-20,
519,206,,62.18,Utility,2024-04-28,Electricity
520,387,72.0,254.43,P2P,2024-12-14,
521,149,418.0,458.62,P2P,2024-02-16,
522,295,,123.95,Utility,2024-02-13,Water
523,420,,62.64,Utility,2024-02-12,Electricity
524,339,8.0,419.42,Merchant,2024-07-28,
525,141,286.0,474.52,P2P,2024-10-21,
526,451,6.0,629.73,Merchant,2024-10-14,
527,219,16.0,56.42,Merchant,2024-11-06,
528,177,13.0,787.95,Merchant,2024-10-25,
529,164,14.0,414.18,Merchant,2024-06-24,
530,154,,53.1,Utility,2024-01-22,Water
531,243,435.0,116.55,P2P,2024-01-20,
532,440,5.0,807.72,Merchant,2024-10-29,
533,469,288.0,209.28,P2P,2024-12-02,
534,214,17.0,142.75,Merchant,2024-08-12,
535,125,,56.6,Utility,2024-09-05,Water
536,41,,172.48,Utility,2025-06-08,Electricity
537,275,7.0,61.02,Merchant,2024-03-13,
538,194,20.0,606.89,Merchant,2024-02-21,
539,448,97.0,403.3,P2P,2024-10-26,
540,301,18.0,224.85,Merchant,2024-08-30,
541,107,,74.57,Utility,2024-11-17,Electricity
542,109,493.0,372.03,P2P,2024-06-14,
543,383,,184.6,Utility,2024-03-30,Water
544,310,7.0,402.67,Merchant,2024-12-02,
545,123,11.0,777.76,Merchant,2024-09-06,
546,195,,116.06,Utility,2024-12-13,Gas
547,158,,84.74,Utility,2024-05-15,Gas
548,239,412.0,490.75,P2P,2024-11-14,
549,241,,184.58,Utility,2024-05-19,Gas
550,161,,28.23,Utility,2024-06-28,Electricity
551,380,9.0,134.08,P2P,2024-07-31,
552,479,19.0,722.81,Merchant,2024-10-29,
553,152,101.0,168.28,P2P,2024-01-24,
554,195,8.0,504.31,Merchant,2024-05-11,
555,336,11.0,264.75,Merchant,2024-04-30,
556,421,,193.97,Utility,2024-07-11,Water
557,379,,102.95,Utility,2024-04-02,Water
558,408,,50.47,Utility,2024-02-22,Water
559,280,,53.13,Utility,2024-04-26,Water
560,329,269.0,21.74,P2P,2024-09-25,
561,434,484.0,409.91,P2P,2024-08-25,
562,25,212.0,73.06,P2P,2024-07-16,
563,323,35.0,355.05,P2P,2024-06-09,
564,5,259.0,230.72,P2P,2024-05-07,
565,31,20.0,913.62,Merchant,2024-06-29,
566,338,,22.83,Utility,2024-02-20,Water
567,283,,22.13,Utility,2024-04-10,Water
568,370,,116.43,Utility,2024-06-20,Gas
569,9,14.0,808.11,Merchant,2024-08-19,
570,466,55.0,459.43,P2P,2024-05-02,
571,269,124.0,100.01,P2P,2024-07-20,
572,270,,166.74,Utility,2024-05-04,Gas
573,408,,34.22,Utility,2025-01-01,Gas
574,236,8.0,990.33,Merchant,2024-10-13,
575,116,,143.13,Utility,2024-08-09,Electricity
576,335,2.0,102.57,Merchant,2024-07-29,
577,195,,119.49,Utility,2024-04-18,Electricity
578,327,360.0,89.83,P2P,2024-06-11,
579,256,,136.08,Utility,2024-01-21,Gas
580,290,459.0,266.44,P2P,2024-07-26,
581,22,109.0,451.13,P2P,2024-10-23,
582,355,16.0,278.38,Merchant,2024-06-15,
583,474,351.0,463.16,P2P,2024-06-07,
584,461,19.0,661.53,Merchant,2024-11-06,
585,92,,22.82,Utility,2024-08-14,Electricity
586,301,386.0,411.24,P2P,2024-10-18,
587,421,,187.2,Utility,2024-02-26,Gas
588,84,8.0,571.03,Merchant,2024-07-08,
589,435,,141.87,Utility,2024-04-11,Water
590,170,,156.01,Utility,2024-08-26,Electricity
591,405,3.0,505.78,Merchant,2024-01-24,
592,499,,29.67,Utility,2024-06-17,Gas
593,119,175.0,304.56,P2P,2024-11-09,
594,315,13.0,969.23,Merchant,2024-04-14,
595,168,325.0,140.3,P2P,2024-07-06,
596,231,,61.06,Utility,2024-06-06,Water
597,482,,97.73,Utility,2024-07-18,Water
598,300,13.0,94.84,Merchant,2024-08-20,
599,317,,163.65,Utility,2024-02-26,Water
600,38,138.0,81.34,P2P,2024-09-20,
601,365,5.0,742.26,Merchant,2024-05-14,
602,163,,39.18,Utility,2024-05-23,Electricity
603,483,,100.05,Utility,2024-03-10,Gas
604,53,45.0,97.76,P2P,2024-11-24,
605,230,18.0,517.32,Merchant,2024-09-15,
606,53,46.0,180.19,P2P,2024-02-16,
607,48,20.0,786.59,Merchant,2024-02-21,
608,443,,22.22,Utility,2024-08-19,Gas
609,199,372.0,451.06,P2P,2024-03-20,
610,464,293.0,262.95,P2P,2024-04-04,
611,351,,50.51,Utility,2024-12-15,Gas
612,155,,108.76,Utility,2025-01-14,Electricity
613,86,,69.67,Utility,2024-07-23,Gas
614,248,185.0,129.59,P2P,2024-09-01,
615,127,16.0,597.87,Merchant,2024-04-21,
616,101,,39.26,Utility,2024-02-16,Gas
617,4,,79.8,Utility,2024-03-09,Water
618,195,,99.24,Utility,2024-06-19,Gas
619,418,20.0,144.76,Merchant,2024-09-10,
620,165,7.0,484.22,Merchant,2024-12-05,
621,91,,194.37,Utility,2024-07-16,Gas
622,377,16.0,968.09,Merchant,2024-08-05,
623,401,167.0,191.15,P2P,2024-10-21,
624,419,,85.7,Utility,2024-12-06,Water
625,103,18.0,188.13,Merchant,2024-08-22,
626,394,1.0,953.47,Merchant,2024-11-05,
627,237,7.0,444.07,Merchant,2024-04-14,
628,150,3.0,820.78,Merchant,2024-02-06,
629,408,,141.14,Utility,2024-11-08,Electricity
630,325,,63.56,Utility,2024-07-24,Water
631,79,14.0,791.19,Merchant,2024-04-21,
632,38,,198.33,Utility,2024-06-22,Gas
633,299,,116.19,Utility,2024-05-14,Water
634,215,2.0,792.81,Merchant,2024-10-28,
635,185,18.0,597.88,Merchant,2024-05-25,
636,469,56.0,385.63,P2P,2024-12-04,
637,337,12.0,174.68,Merchant,2024-03-13,
638,314,289.0,491.89,P2P,2024-01-29,
639,347,13.0,967.14,Merchant,2024-05-18,
640,170,,39.07,Utility,2024-10-08,Electricity
641,133,262.0,374.69,P2P,2024-08-21,
642,286,19.0,228.82,Merchant,2024-09-03,
643,192,,103.35,Utility,2024-06-20,Water
644,302,17.0,159.24,Merchant,2024-12-18,
645,13,,38.82,Utility,2024-01-17,Gas
646,472,60.0,416.5,P2P,2024-04-28,
647,374,179.0,159.39,P2P,2024-10-09,
648,234,267.0,244.05,P2P,2024-04-05,
649,244,225.0,362.39,P2P,2024-11-03,
650,232,,32.09,Utility,2024-08-20,Electricity
651,415,4.0,32.36,Merchant,2024-11-18,
652,176,4.0,680.37,Merchant,2024-07-22,
653,85,8.0,520.83,Merchant,2024-08-13,
654,283,170.0,282.13,P2P,2024-07-27,
655,491,,61.73,Utility,2024-05-15,Gas
656,323,96.0,322.04,P2P,2024-09-24,
657,222,,25.25,Utility,2024-04-15,Water
658,453,231.0,298.14,P2P,2024-05-18,
659,200,361.0,111.32,P2P,2024-07-12,
660,143,3.0,581.57,Merchant,2024-10-16,
661,410,6.0,372.14,Merchant,2024-07-20,
662,101,,40.51,Utility,2024-08-01,Water
663,442,,114.99,Utility,2024-08-17,Water
664,161,13.0,615.2,Merchant,2024-12-13,
665,301,179.0,179.23,P2P,2024-10-28,
666,235,6.0,815.6,Merchant,2024-10-25,
667,362,,185.36,Utility,2024-02-15,Water
668,44,5.0,320.05,Merchant,2025-01-06,
669,123,,41.05,Utility,2024-02-24,Gas
670,356,262.0,197.29,P2P,2024-06-28,
671,306,295.0,194.94,P2P,2024-10-12,
672,96,,134.39,Utility,2024-02-14,Water
673,471,6.0,559.36,Merchant,2024-06-08,
674,251,,45.25,Utility,2024-03-04,Gas
675,432,,131.49,Utility,2024-11-03,Gas
676,488,249.0,72.58,P2P,2024-01-20,
677,418,,193.49,Utility,2024-03-17,Water
678,335,,93.64,Utility,2024-08-03,Gas
679,213,15.0,493.81,Merchant,2024-10-31,
680,43,1.0,797.92,Merchant,2024-03-02,
681,113,,25.89,Utility,2024-03-19,Electricity
682,276,,50.28,Utility,2024-03-31,Gas
683,290,16.0,554.23,Merchant,2024-07-02,
684,58,4.0,275.21,Merchant,2024-12-17,
685,279,,117.57,Utility,2024-02-28,Electricity
686,390,15.0,550.89,Merchant,2024-01-30,
687,218,377.0,415.89,P2P,2024-12-23,
688,385,153.0,438.03,P2P,2024-06-27,
689,17,,67.31,Utility,2024-07-25,Electricity
690,225,398.0,406.89,P2P,2024-03-21,
691,108,19.0,692.24,Merchant,2024-09-14,
692,441,20.0,636.44,Merchant,2024-11-21,
693,85,5.0,787.0,Merchant,2024-08-05,
694,417,413.0,34.38,P2P,2024-07-22,
695,180,9.0,600.89,Merchant,2024-03-09,
696,87,,196.22,Utility,2024-10-31,Gas
697,149,9.0,952.87,Merchant,2024-12-19,
698,264,4.0,144.23,Merchant,2024-08-14,
699,385,,185.38,Utility,2024-06-25,Gas
700,444,5.0,704.41,Merchant,2024-06-18,
701,68,75.0,357.14,P2P,2024-01-18,
702,425,390.0,422.56,P2P,2024-05-09,
703,202,,45.59,Utility,2024-02-29,Water
704,138,14.0,381.42,Merchant,2025-08-21,
705,39,3.0,408.82,Merchant,2024-05-08,
706,384,,145.05,Utility,2024-10-20,Gas
707,233,,78.91,Utility,2025-01-07,Electricity
708,445,3.0,733.62,Merchant,2024-12-21,
709,235,12.0,851.61,Merchant,2024-10-03,
710,408,13.0,225.65,Merchant,2024-04-29,
711,220,254.0,137.93,P2P,2024-08-04,
712,425,,80.8,Utility,2024-05-19,Water
713,67,16.0,790.42,Merchant,2024-09-09,
714,458,2.0,55.48,Merchant,2024-12-25,
715,321,,22.93,Utility,2024-06-07,Electricity
716,226,,20.12,Utility,2024-08-20,Gas
717,104,5.0,883.33,Merchant,2024-09-23,
718,155,448.0,466.7,P2P,2024-03-19,
719,141,336.0,183.42,P2P,2024-03-09,
720,43,,139.61,Utility,2024-05-06,Water
721,85,203.0,314.67,P2P,2024-08-05,
722,372,8.0,434.94,Merchant,2024-10-07,
723,47,4.0,11.08,Merchant,2024-04-03,
724,245,68.0,298.87,P2P,2024-11-21,
725,266,15.0,19.19,Merchant,2024-09-09,
726,357,,167.08,Utility,2024-10-18,Gas
727,356,245.0,40.06,P2P,2024-06-07,
728,197,375.0,403.95,P2P,2024-08-03,
729,53,,86.16,Utility,2024-09-05,Gas
730,71,,159.22,Utility,2024-04-21,Electricity
731,329,5.0,77.73,Merchant,2024-07-16,
732,289,313.0,326.76,P2P,2024-07-12,
733,226,,150.04,Utility,2024-04-05,Water
734,384,471.0,208.8,P2P,2025-01-12,
735,352,,174.79,Utility,2024-05-22,Electricity
736,460,72.0,377.46,P2P,2025-01-09,
737,302,13.0,358.02,Merchant,2024-10-31,
738,220,,162.39,Utility,2024-10-20,Electricity
739,142,3.0,255.69,Merchant,2024-12-11,
740,308,20.0,292.07,Merchant,2025-01-09,
741,482,1.0,849.41,Merchant,2024-03-07,
742,338,,56.98,Utility,2024-03-18,Water
743,261,383.0,198.92,P2P,2024-08-05,
744,331,402.0,449.47,P2P,2024-10-18,
745,489,254.0,196.01,P2P,2024-12-02,
746,124,,134.85,Utility,2024-07-17,Electricity
747,271,185.0,467.29,P2P,2024-01-18,
748,68,,174.95,Utility,2024-05-17,Water
749,216,,118.34,Utility,2024-06-24,Electricity
750,391,,191.8,Utility,2024-03-24,Electricity
751,9,3.0,23.66,Merchant,2024-03-13,
752,111,473.0,34.93,P2P,2024-07-15,
753,405,,111.19,Utility,2024-02-10,Water
754,365,14.0,429.34,Merchant,2024-01-17,
755,206,328.0,270.6,P2P,2024-05-15,
756,316,143.0,46.38,P2P,2024-10-13,
757,41,7.0,974.57,Merchant,2024-03-27,
758,80,11.0,396.82,Merchant,2024-04-01,
759,325,3.0,317.07,Merchant,2024-10-10,
760,224,8.0,67.33,Merchant,2024-02-20,
761,45,,40.88,Utility,2024-08-10,Water
762,312,159.0,334.71,P2P,2024-07-11,
763,337,6.0,128.25,Merchant,2024-05-22,
764,363,360.0,10.62,P2P,2024-02-20,
765,255,,114.14,Utility,2024-02-07,Water
766,133,191.0,67.83,P2P,2024-09-13,
767,400,,151.93,Utility,2024-07-15,Electricity
768,395,172.0,404.52,P2P,2024-09-01,
769,140,3.0,270.32,Merchant,2024-03-15,
770,500,3.0,501.19,Merchant,2024-02-09,
771,262,,29.98,Utility,2024-05-30,Water
772,86,,48.32,Utility,2024-09-18,Electricity
773,458,4.0,236.12,Merchant,2024-08-19,
774,261,23.0,430.05,P2P,2024-12-23,
775,7,24.0,238.52,P2P,2024-04-11,
776,197,92.0,465.92,P2P,2024-05-27,
777,440,284.0,402.54,P2P,2024-09-15,
778,366,14.0,232.27,Merchant,2024-01-20,
779,128,,184.85,Utility,2025-01-09,Gas
780,139,293.0,189.54,P2P,2024-03-29,
781,258,2.0,187.55,Merchant,2024-04-30,
782,412,2.0,954.54,Merchant,2024-05-04,
783,36,,175.89,Utility,2024-11-28,Gas
784,168,284.0,231.09,P2P,2025-01-02,
785,189,150.0,284.08,P2P,2024-12-17,
786,156,20.0,250.16,Merchant,2024-06-28,
787,189,16.0,997.81,Merchant,2024-08-28,
788,398,376.0,450.72,P2P,2024-10-24,
789,390,78.0,8.16,P2P,2024-05-12,
790,210,120.0,273.06,P2P,2024-06-05,
791,326,1.0,951.48,Merchant,2024-09-13,
792,1,13.0,850.52,Merchant,2024-11-07,
793,373,,38.71,Utility,2024-06-19,Water
794,122,,108.57,Utility,2025-01-11,Electricity
795,498,365.0,143.51,P2P,2024-04-22,
796,23,460.0,423.52,P2P,2024-08-19,
797,212,12.0,463.87,Merchant,2024-08-12,
798,383,298.0,52.31,P2P,2024-09-20,
799,69,13.0,84.08,Merchant,2024-09-27,
800,291,223.0,332.91,P2P,2024-04-02,
801,67,150.0,134.19,P2P,2024-02-14,
802,162,,146.13,Utility,2024-09-01,Water
803,168,,101.5,Utility,2024-03-14,Electricity
804,39,70.0,391.07,P2P,2024-02-23,
805,300,80.0,57.3,P2P,2024-10-24,
806,231,,76.53,Utility,2024-04-08,Electricity
807,275,,193.63,Utility,2024-05-02,Electricity
808,232,,103.4,Utility,2024-03-24,Electricity
809,47,414.0,344.6,P2P,2024-04-26,
810,424,20.0,49.93,Merchant,2024-08-20,
811,428,,46.7,Utility,2024-02-23,Water
812,128,,91.32,Utility,2024-03-04,Electricity
813,347,,66.83,Utility,2024-11-19,Electricity
814,16,,173.83,Utility,2024-08-04,Water
815,384,8.0,103.78,Merchant,2024-08-30,
816,53,63.0,10.92,P2P,2024-09-21,
817,426,67.0,103.08,P2P,2024-11-07,
818,206,,143.53,Utility,2024-06-11,Water
819,44,19.0,266.23,Merchant,2024-05-22,
820,417,12.0,498.59,P2P,2024-08-25,
821,102,15.0,811.21,Merchant,2024-11-09,
822,48,,42.05,Utility,2024-12-11,Gas
823,26,474.0,289.07,P2P,2024-08-31,
824,421,13.0,501.17,Merchant,2024-09-05,
825,196,14.0,181.08,Merchant,2024-05-01,
826,110,141.0,143.53,P2P,2024-11-23,
827,453,18.0,308.98,P2P,2024-10-27,
828,316,332.0,151.08,P2P,2024-12-18,
829,211,16.0,70.37,Merchant,2024-09-10,
830,144,,44.7,Utility,2024-09-30,Electricity
831,330,8.0,634.45,Merchant,2025-01-02,
832,411,1.0,989.51,Merchant,2024-07-16,
833,401,12.0,484.89,Merchant,2024-04-05,
834,401,,81.93,Utility,2024-03-20,Water
835,258,,89.91,Utility,2024-01-16,Electricity
836,14,,127.48,Utility,2024-11-14,Electricity
837,459,,30.55,Utility,2024-04-14,Gas
838,272,,158.03,Utility,2024-04-08,Electricity
839,499,52.0,127.69,P2P,2024-02-19,
840,124,,116.06,Utility,2025-01-10,Water
841,29,295.0,424.02,P2P,2024-11-21,
842,409,,83.86,Utility,2024-09-09,Electricity
843,91,304.0,162.41,P2P,2024-03-11,
844,378,12.0,914.84,Merchant,2024-03-10,
845,15,12.0,948.08,Merchant,2024-03-19,
846,289,,474.44,P2P,2024-07-17,
847,429,,117.58,Utility,2024-12-19,Electricity
848,252,47.0,32.8,P2P,2024-01-15,
849,309,11.0,265.59,P2P,2024-05-19,
850,1,,185.22,Utility,2024-02-14,Electricity
851,413,175.0,359.88,P2P,2024-12-27,
852,471,,30.72,Utility,2024-02-04,Electricity
853,301,5.0,776.62,Merchant,2024-03-08,
854,434,12.0,960.95,Merchant,2024-07-31,
855,192,13.0,590.16,Merchant,2024-11-23,
856,173,,78.07,Utility,2024-07-03,Electricity
857,375,,162.53,Utility,2024-06-28,Gas
858,333,,51.36,Utility,2024-09-29,Water
859,356,12.0,231.0,Merchant,2024-07-16,
860,302,194.0,156.88,P2P,2024-05-21,
861,353,,42.92,Utility,2024-05-11,Water
862,1,19.0,397.69,Merchant,2024-07-27,
863,395,2.0,190.26,Merchant,2024-11-05,
864,163,8.0,643.25,Merchant,2024-02-29,
865,54,,45.32,Utility,2024-04-17,Water
866,40,178.0,491.28,P2P,2024-08-19,
867,86,3.0,823.45,Merchant,2024-06-15,
868,344,11.0,452.16,Merchant,2024-06-09,
869,136,128.0,348.12,P2P,2024-11-10,
870,180,,161.66,Utility,2024-06-12,Water
871,1,198.0,221.92,P2P,2024-10-15,
872,215,453.0,209.94,P2P,2024-07-17,
873,452,,83.22,Utility,2024-05-31,Gas
874,52,,161.97,Utility,2024-05-15,Water
875,334,8.0,171.03,Merchant,2024-12-05,
876,38,151.0,14.94,P2P,2024-08-04,
877,134,38.0,174.2,P2P,2024-05-17,
878,455,,48.96,Utility,2024-08-08,Electricity
879,281,174.0,299.05,P2P,2024-02-14,
880,315,,146.81,Utility,2024-12-23,Gas
881,483,6.0,611.24,Merchant,2024-09-06,
882,223,28.0,55.12,P2P,2024-12-07,
883,106,210.0,350.11,P2P,2024-04-07,
884,370,18.0,272.61,Merchant,2024-03-19,
885,145,,62.76,Utility,2024-09-17,Electricity
886,202,18.0,841.46,Merchant,2024-12-03,
887,79,185.0,6.89,P2P,2024-05-01,
888,45,,168.3,Utility,2024-10-17,Water
889,308,,55.94,Utility,2024-03-10,Electricity
890,106,327.0,149.45,P2P,2024-12-06,
891,42,,171.88,Utility,2024-07-02,Gas
892,402,,104.77,Utility,2024-08-19,Water
893,136,329.0,274.34,P2P,2024-07-04,
894,95,,179.39,Utility,2024-07-23,Gas
895,96,,28.03,Utility,2024-10-10,Gas
896,239,,60.72,Utility,2024-11-16,Gas
897,289,78.0,377.36,P2P,2024-04-21,
898,342,44.0,335.73,P2P,2024-10-07,
899,414,14.0,971.0,Merchant,2024-03-01,
900,302,284.0,35.19,P2P,2024-08-18,
901,199,14.0,965.97,Merchant,2024-12-29,
902,352,,123.09,Utility,2024-07-02,Electricity
903,244,,34.21,Utility,2024-09-24,Water
904,18,19.0,901.45,Merchant,2024-05-29,
905,410,20.0,155.97,Merchant,2024-03-24,
906,487,,51.12,Utility,2024-01-24,Electricity
907,498,,100.4,P2P,2024-12-16,
908,22,,34.11,Utility,2024-06-05,Water
909,223,422.0,315.48,P2P,2024-12-12,
910,428,9.0,326.55,Merchant,2024-07-14,
911,373,45.0,197.11,P2P,2024-11-09,
912,204,11.0,858.06,Merchant,2024-10-01,
913,267,,185.09,Utility,2024-05-28,Electricity
914,403,20.0,591.7,Merchant,2024-10-23,
915,401,,40.25,Utility,2024-06-27,Electricity
916,76,19.0,586.85,Merchant,2024-04-07,
917,494,474.0,57.29,P2P,2024-09-10,
918,400,403.0,146.62,P2P,2024-08-19,
919,275,,178.02,Utility,2024-12-20,Gas
920,197,16.0,576.3,Merchant,2025-01-06,
921,243,89.0,141.33,P2P,2025-01-13,
922,74,20.0,684.0,Merchant,2024-03-29,
923,206,203.0,445.34,P2P,2024-06-11,
924,170,8.0,58.8,Merchant,2024-06-08,
925,244,,181.47,Utility,2024-03-24,Electricity
926,173,,75.97,Utility,2025-01-11,Gas
927,440,4.0,972.77,Merchant,2024-10-31,
928,117,154.0,487.24,P2P,2024-01-19,
929,227,,68.5,Utility,2024-03-31,Gas
930,310,3.0,196.06,Merchant,2024-07-04,
931,109,,153.37,Utility,2024-06-03,Water
932,445,,167.78,Utility,2024-08-06,Water
933,406,34.0,159.01,P2P,2024-03-30,
934,260,,44.42,Utility,2024-01-17,Water
935,451,1.0,182.0,Merchant,2024-08-29,
936,449,429.0,33.53,P2P,2024-05-14,
937,17,,29.1,Utility,2024-05-21,Gas
938,361,141.0,187.33,P2P,2024-02-20,
939,238,13.0,639.06,Merchant,2025-01-02,
940,64,1.0,249.52,Merchant,2024-06-06,
941,251,15.0,185.81,Merchant,2025-01-04,
942,446,,125.64,Utility,2024-04-22,Gas
943,177,429.0,447.77,P2P,2024-07-28,
944,384,3.0,292.22,Merchant,2025-01-06,
945,198,84.0,427.64,P2P,2024-01-20,
946,400,439.0,114.57,P2P,2024-09-06,
947,116,7.0,276.39,Merchant,2024-04-30,
948,210,1.0,865.98,Merchant,2024-01-28,
949,496,1.0,479.36,Merchant,2024-09-22,
950,68,6.0,605.13,Merchant,2024-04-30,
951,5,130.0,306.13,P2P,2024-09-20,
952,483,,148.29,Utility,2024-07-18,Water
953,330,,96.29,Utility,2024-06-17,Gas
954,437,,102.62,Utility,2024-02-01,Electricity
955,239,,141.9,Utility,2024-10-11,Water
956,204,4.0,17.27,Merchant,2024-10-14,
957,340,,121.06,Utility,2024-04-22,Water
958,312,,73.73,Utility,2024-04-30,Electricity
959,247,173.0,494.24,P2P,2024-09-13,
960,328,,175.07,Utility,2024-02-06,Gas
961,336,10.0,196.48,Merchant,2024-08-24,
962,265,461.0,33.1,P2P,2024-11-29,
963,439,13.0,663.93,Merchant,2024-01-26,
964,349,370.0,17.6,P2P,2024-12-15,
965,255,,66.7,Utility,2024-10-19,Gas
966,208,,152.61,Utility,2025-01-09,Water
967,363,7.0,349.74,Merchant,2024-07-15,
968,366,352.0,269.64,P2P,2024-09-06,
969,402,,183.17,Utility,2024-09-16,Water
970,184,10.0,846.97,Merchant,2024-07-09,
971,431,18.0,189.32,Merchant,2024-07-23,
972,50,,43.03,Utility,2024-03-22,Gas
973,372,6.0,947.45,Merchant,2024-07-16,
974,461,,137.8,Utility,2024-11-01,Electricity
975,182,382.0,436.36,P2P,2024-12-19,
976,216,,86.9,Utility,2024-09-22,Water
977,151,,173.22,Utility,2024-11-01,Gas
978,28,19.0,584.51,Merchant,2024-08-13,
979,318,242.0,445.27,P2P,2024-11-23,
980,257,445.0,341.95,P2P,2024-02-24,
981,272,,94.36,Utility,2024-01-29,Electricity
982,71,176.0,207.55,P2P,2024-06-06,
983,292,,45.78,Utility,2024-01-26,Water
984,93,250.0,169.65,P2P,2024-09-09,
985,91,,134.21,Utility,2024-12-27,Electricity
986,232,,57.69,Utility,2024-10-18,Electricity
987,296,251.0,393.68,P2P,2024-03-14,
988,400,67.0,309.17,P2P,2024-10-15,
989,325,,92.61,Utility,2024-10-26,Gas
990,197,20.0,269.22,P2P,2024-03-23,
991,375,,191.01,Utility,2024-12-18,Gas
992,388,7.0,27.74,Merchant,2024-12-10,
993,3,8.0,234.0,Merchant,2024-03-06,
994,450,,76.18,Utility,2024-02-16,Electricity
995,197,19.0,313.05,Merchant,2024-06-25,
996,34,153.0,474.49,P2P,2024-12-03,
997,234,17.0,600.41,Merchant,2024-12-08,
998,173,,179.84,Utility,2024-03-01,Electricity
999,176,,84.67,Utility,2024-02-05,Electricity
1000,85,,23.44,Utility,2024-07-05,Electricity
1001,373,109.0,368.37,P2P,2024-09-18,
1002,302,6.0,131.93,Merchant,2024-10-16,
1003,365,2.0,381.44,Merchant,2024-02-08,
1004,328,,158.82,Utility,2024-05-16,Water
1005,25,,665.35,Merchant,2024-02-21,
1006,335,25.0,346.43,P2P,2024-12-13,
1007,214,,88.45,Utility,2024-08-13,Water
1008,130,,146.34,Utility,2024-05-01,Electricity
1009,356,1.0,308.11,Merchant,2024-12-11,
1010,339,340.0,262.55,P2P,2024-03-30,
1011,319,5.0,424.64,Merchant,2024-09-25,
1012,461,262.0,360.79,P2P,2024-09-09,
1013,61,,40.52,Utility,2024-10-27,Electricity
1014,255,312.0,103.88,P2P,2024-01-21,
1015,135,7.0,364.34,Merchant,2024-05-23,
1016,210,,48.87,Utility,2024-12-05,Water
1017,255,353.0,466.9,P2P,2024-10-01,
1018,170,2.0,11.31,P2P,2024-12-09,
1019,46,428.0,289.21,P2P,2024-12-29,
1020,253,487.0,49.59,P2P,2024-05-16,
1021,262,371.0,363.17,P2P,2024-12-28,
1022,464,,135.98,Utility,2024-10-16,Gas
1023,152,,103.57,Utility,2024-03-20,Electricity
1024,417,448.0,24.53,P2P,2024-12-31,
1025,149,,164.29,Utility,2024-08-29,Gas
1026,219,4.0,104.05,Merchant,2024-10-21,
1027,389,5.0,426.74,P2P,2024-06-05,
1028,340,6.0,335.37,Merchant,2024-08-02,
1029,458,,191.92,Utility,2024-01-20,Gas
1030,450,3.0,378.9,Merchant,2025-01-14,
1031,176,59.0,203.38,P2P,2024-09-29,
1032,493,,68.93,Utility,2024-06-19,Gas
1033,354,,163.98,Utility,2024-06-24,Water
1034,454,58.0,70.59,P2P,2024-12-05,
1035,372,483.0,422.95,P2P,2024-09-30,
1036,54,,184.02,Utility,2024-10-01,Gas
1037,411,15.0,189.45,Merchant,2024-02-07,
1038,195,,130.04,Utility,2024-02-09,Water
1039,451,5.0,488.25,Merchant,2024-03-29,
1040,250,455.0,208.59,P2P,2024-11-30,
1041,24,134.0,329.21,P2P,2024-11-05,
1042,7,17.0,769.85,Merchant,2024-07-27,
1043,296,19.0,231.75,Merchant,2024-03-12,
1044,490,11.0,523.91,Merchant,2024-10-24,
1045,353,20.0,104.29,Merchant,2024-04-27,
1046,339,8.0,487.11,Merchant,2024-02-16,
1047,340,13.0,157.17,Merchant,2024-03-22,
1048,424,20.0,64.02,Merchant,2024-07-05,
1049,330,259.0,425.18,P2P,2024-02-01,
1050,437,,176.49,Utility,2024-05-01,Electricity
1051,385,,77.71,Utility,2024-09-07,Gas
1052,497,,29.06,Utility,2024-04-01,Electricity
1053,282,13.0,409.24,Merchant,2024-10-08,
1054,121,236.0,224.87,P2P,2024-07-29,
1055,294,,35.84,Utility,2024-06-21,Gas
1056,229,,41.37,Utility,2024-03-22,Gas
1057,382,1.0,111.62,Merchant,2024-09-17,
1058,212,286.0,276.8,P2P,2024-10-31,
1059,423,406.0,304.08,P2P,2024-12-07,
1060,317,10.0,891.21,Merchant,2024-12-05,
1061,288,336.0,337.38,P2P,2025-01-14,
1062,487,,85.4,Utility,2024-01-16,Electricity
1063,419,433.0,229.96,P2P,2024-05-14,
1064,287,20.0,478.4,Merchant,2024-04-30,
1065,337,,148.86,Utility,2024-08-19,Electricity
1066,50,8.0,12.17,Merchant,2024-05-30,
1067,182,10.0,552.21,Merchant,2024-02-29,
1068,192,4.0,55.32,Merchant,2024-05-26,
1069,85,,45.28,Utility,2024-07-14,Water
1070,381,14.0,115.89,Merchant,2024-08-22,
1071,313,97.0,64.77,P2P,2024-12-04,
1072,437,,58.81,Utility,2024-10-11,Electricity
1073,367,,39.4,Utility,2024-02-17,Gas
1074,24,19.0,131.99,Merchant,2024-08-21,
1075,457,,102.33,Utility,2025-01-10,Water
1076,490,5.0,964.22,Merchant,2024-07-12,
1077,3,2.0,557.69,Merchant,2024-02-18,
1078,222,16.0,925.13,Merchant,2024-02-29,
1079,400,355.0,291.38,P2P,2025-01-05,
1080,375,54.0,196.77,P2P,2024-02-19,
1081,308,11.0,509.07,Merchant,2024-03-25,
1082,197,,196.31,Utility,2024-10-24,Water
1083,391,141.0,201.95,P2P,2024-02-17,
1084,176,,101.51,Utility,2024-03-27,Electricity
1085,71,,128.45,Utility,2024-05-17,Water
1086,263,,171.75,Utility,2024-08-31,Water
1087,441,,148.14,Utility,2024-09-14,Water
1088,324,103.0,108.81,P2P,2024-01-22,
1089,366,,143.59,Utility,2024-11-07,Water
1090,68,6.0,508.85,Merchant,2024-03-20,
1091,356,11.0,713.25,Merchant,2024-11-16,
1092,390,,121.21,Utility,2024-01-19,Water
1093,293,14.0,677.5,Merchant,2024-04-08,
1094,458,10.0,878.7,Merchant,2024-09-18,
1095,217,268.0,57.7,P2P,2024-06-08,
1096,196,28.0,336.78,P2P,2024-07-11,
1097,103,,155.03,Utility,2024-02-15,Electricity
1098,147,9.0,154.96,Merchant,2024-12-20,
1099,32,10.0,211.96,Merchant,2024-10-22,
1100,278,184.0,407.94,P2P,2024-04-19,
1101,53,18.0,866.19,Merchant,2024-05-13,
1102,381,18.0,395.0,Merchant,2024-12-05,
1103,262,10.0,696.01,Merchant,2024-10-05,
1104,25,,89.76,Utility,2024-09-20,Water
1105,161,2.0,22.84,Merchant,2024-12-30,
1106,129,318.0,435.08,P2P,2024-12-15,
1107,441,,169.4,Utility,2024-03-29,Water
1108,361,12.0,757.56,Merchant,2024-10-31,
1109,280,20.0,204.5,Merchant,2024-11-03,
1110,372,151.0,227.16,P2P,2024-10-27,
1111,350,96.0,481.43,P2P,2024-03-06,
1112,377,4.0,383.43,Merchant,2024-05-14,
1113,220,,120.19,Utility,2024-02-04,Electricity
1114,83,9.0,15.59,Merchant,2024-06-10,
1115,239,5.0,49.54,Merchant,2024-10-15,
1116,476,,127.44,Utility,2024-05-05,Water
1117,316,10.0,495.65,Merchant,2024-03-24,
1118,294,12.0,82.15,Merchant,2024-05-02,
1119,363,,114.57,Utility,2024-03-09,Electricity
1120,267,403.0,255.04,P2P,2025-06-04,
1121,213,18.0,409.38,Merchant,2024-05-16,
1122,179,453.0,110.61,P2P,2024-06-23,
1123,170,,84.94,Utility,2024-04-11,Electricity
1124,487,17.0,480.11,Merchant,2024-12-04,
1125,288,1.0,123.57,Merchant,2024-03-28,
1126,178,,63.26,Utility,2024-04-29,Water
1127,315,8.0,959.31,Merchant,2024-12-23,
1128,350,,88.65,Utility,2024-04-01,Electricity
1129,198,,117.24,Utility,2024-03-23,Gas
1130,13,12.0,519.17,Merchant,2024-05-08,
1131,261,,107.62,Utility,2024-04-24,Gas
1132,460,7.0,327.11,Merchant,2024-10-11,
1133,43,86.0,485.96,P2P,2024-07-03,
1134,396,18.0,17.26,Merchant,2024-04-26,
1135,34,344.0,316.61,P2P,2024-02-19,
1136,110,14.0,837.31,Merchant,2024-07-23,
1137,106,14.0,650.1,Merchant,2024-05-31,
1138,482,383.0,344.59,P2P,2024-08-26,
1139,13,,149.04,Utility,2024-06-04,Electricity
1140,45,28.0,93.11,P2P,2024-05-29,
1141,129,3.0,579.21,Merchant,2024-11-09,
1142,117,,93.37,Utility,2024-09-20,Gas
1143,323,,97.94,Utility,2024-08-05,Electricity
1144,200,4.0,539.49,Merchant,2024-07-07,
1145,329,20.0,72.61,Merchant,2024-12-02,
1146,382,2.0,703.87,Merchant,2024-09-16,
1147,38,,187.05,Utility,2024-10-07,Electricity
1148,149,10.0,610.5,Merchant,2024-12-03,
1149,145,,88.65,Utility,2024-03-21,Water
1150,16,,48.14,Utility,2024-01-29,Electricity
1151,70,13.0,798.8,Merchant,2024-12-04,
1152,435,10.0,960.53,Merchant,2024-08-29,
1153,74,,141.91,Utility,2024-06-12,Water
1154,332,,192.33,Utility,2024-03-15,Electricity
1155,284,5.0,132.0,Merchant,2024-08-10,
1156,3,20.0,400.14,Merchant,2024-08-22,
1157,281,157.0,108.98,P2P,2024-04-05,
1158,380,12.0,219.62,Merchant,2024-10-13,
1159,464,17.0,151.03,Merchant,2024-07-01,
1160,95,316.0,418.2,P2P,2024-05-28,
1161,100,93.0,337.13,P2P,2024-09-21,
1162,291,436.0,376.77,P2P,2024-11-24,
1163,282,,136.04,Utility,2024-10-05,Electricity
1164,149,3.0,258.18,Merchant,2024-11-19,
1165,102,19.0,492.32,Merchant,2024-05-06,
1166,170,,43.08,Utility,2024-04-04,Water
1167,121,146.0,311.66,P2P,2024-05-26,
1168,461,163.0,245.5,P2P,2024-10-12,
1169,169,10.0,696.52,Merchant,2024-07-28,
1170,79,19.0,370.85,Merchant,2024-08-16,
1171,162,,50.36,Utility,2024-12-02,Gas
1172,127,365.0,371.21,P2P,2024-10-29,
1173,224,,171.22,Utility,2024-11-18,Electricity
1174,348,11.0,879.11,Merchant,2024-04-28,
1175,237,,84.57,Utility,2024-02-19,Gas
1176,250,4.0,184.01,Merchant,2024-08-01,
1177,311,431.0,143.9,P2P,2024-11-10,
1178,424,457.0,271.62,P2P,2024-04-05,
1179,135,3.0,730.15,Merchant,2024-04-24,
1180,457,435.0,256.05,P2P,2024-04-08,
1181,16,19.0,411.08,Merchant,2024-07-14,
1182,303,465.0,23.14,P2P,2024-04-25,
1183,134,18.0,477.38,Merchant,2024-01-27,
1184,397,188.0,199.29,P2P,2025-01-07,
1185,457,10.0,142.54,Merchant,2024-02-28,
1186,257,3.0,402.82,Merchant,2024-08-02,
1187,258,340.0,123.25,P2P,2024-09-26,
1188,494,6.0,759.63,Merchant,2024-09-16,
1189,72,,48.66,Utility,2024-03-27,Water
1190,486,5.0,738.56,Merchant,2024-07-17,
1191,248,,27.28,Utility,2024-03-09,Gas
1192,119,136.0,187.87,P2P,2024-07-14,
1193,22,7.0,522.71,Merchant,2024-08-29,
1194,406,,89.86,Utility,2024-05-19,Gas
1195,452,21.0,490.39,P2P,2024-06-07,
1196,166,361.0,484.38,P2P,2024-08-20,
1197,325,,170.28,Utility,2024-06-09,Gas
1198,297,19.0,182.11,Merchant,2024-09-26,
1199,335,,85.75,Utility,2024-08-30,Water
1200,460,265.0,129.54,P2P,2024-12-30,
1201,499,265.0,205.89,P2P,2024-01-28,
1202,419,,107.64,Utility,2024-05-19,Gas
1203,455,1.0,506.82,Merchant,2024-10-13,
1204,72,,49.81,Utility,2024-02-24,Electricity
1205,264,9.0,219.4,Merchant,2024-09-15,
1206,96,186.0,303.0,P2P,2024-06-02,
1207,419,339.0,119.02,P2P,2024-12-17,
1208,416,,149.65,Utility,2024-12-29,Gas
1209,346,,106.22,Utility,2024-01-18,Water
1210,83,14.0,32.22,Merchant,2024-03-16,
1211,23,294.0,298.21,P2P,2024-06-26,
1212,69,17.0,48.8,Merchant,2024-07-17,
1213,294,29.0,87.34,P2P,2024-05-23,
1214,473,265.0,479.33,P2P,2024-05-24,
1215,307,1.0,879.72,Merchant,2024-09-22,
1216,373,10.0,947.78,Merchant,2024-12-30,
1217,111,,129.17,Utility,2024-02-22,Gas
1218,445,,50.7,Utility,2024-03-27,Gas
1219,308,407.0,293.41,P2P,2025-01-03,
1220,393,320.0,331.53,P2P,2024-06-02,
1221,136,371.0,344.37,P2P,2024-05-12,
1222,473,,127.38,Utility,2024-03-18,Electricity
1223,118,,89.38,Utility,2024-07-14,Electricity
1224,9,268.0,430.5,P2P,2024-08-14,
1225,259,14.0,828.25,Merchant,2024-03-27,
1226,311,91.0,240.56,P2P,2024-11-02,
1227,315,2.0,878.98,Merchant,2024-01-23,
1228,273,4.0,102.26,Merchant,2024-07-03,
1229,338,462.0,303.72,P2P,2024-11-24,
1230,424,460.0,469.18,P2P,2024-09-10,
1231,348,14.0,526.82,Merchant,2024-07-10,
1232,190,358.0,267.26,P2P,2024-09-01,
1233,118,,162.12,Utility,2024-08-25,Gas
1234,180,19.0,106.74,Merchant,2024-10-10,
1235,69,,105.89,Utility,2024-07-01,Electricity
1236,466,146.0,301.15,P2P,2024-10-24,
1237,279,,66.4,Utility,2024-06-18,Electricity
1238,364,1.0,582.21,Merchant,2024-07-16,
1239,61,1.0,381.28,Merchant,2024-12-03,
1240,106,11.0,414.76,Merchant,2024-04-18,
1241,55,219.0,327.53,P2P,2024-04-22,
1242,130,,173.9,Utility,2024-10-21,Gas
1243,290,,130.14,Utility,2024-06-07,Water
1244,204,212.0,278.29,P2P,2024-09-04,
1245,286,,52.17,Utility,2024-05-25,Water
1246,285,,65.68,Utility,2024-07-20,Gas
1247,296,,159.36,Utility,2024-10-04,Gas
1248,377,438.0,432.6,P2P,2024-06-18,
1249,61,8.0,452.13,Merchant,2024-05-10,
1250,359,52.0,111.16,P2P,2024-01-30,
1251,206,,164.15,Utility,2025-01-09,Water
1252,357,2.0,169.13,Merchant,2024-12-20,
1253,494,1.0,806.33,Merchant,2024-04-14,
1254,422,242.0,463.3,P2P,2024-11-06,
1255,223,33.0,135.23,P2P,2025-01-12,
1256,190,312.0,23.69,P2P,2024-12-29,
1257,197,,130.51,Utility,2025-01-08,Water
1258,147,20.0,66.89,Merchant,2024-07-29,
1259,397,328.0,249.71,P2P,2024-02-25,
1260,6,436.0,330.16,P2P,2024-06-26,
1261,412,10.0,202.8,Merchant,2024-06-28,
1262,402,17.0,520.66,Merchant,2024-11-10,
1263,119,6.0,677.28,Merchant,2024-04-28,
1264,185,336.0,5.14,P2P,2024-08-26,
1265,81,142.0,390.94,P2P,2024-06-18,
1266,181,13.0,411.4,Merchant,2024-09-01,
1267,103,1.0,739.56,Merchant,2024-01-26,
1268,36,282.0,145.82,P2P,2024-03-18,
1269,425,19.0,354.61,Merchant,2024-07-31,
1270,494,,60.73,Utility,2024-03-19,Electricity
1271,233,,123.48,Utility,2025-01-07,Gas
1272,90,,111.12,Utility,2024-05-10,Water
1273,38,10.0,346.57,Merchant,2024-12-24,
1274,60,,877.35,Merchant,2024-09-02,
1275,417,9.0,697.25,Merchant,2024-10-11,
1276,495,,121.37,Utility,2024-08-05,Electricity
1277,388,,193.02,Utility,2024-04-01,Gas
1278,349,,181.37,Utility,2024-08-22,Electricity
1279,247,133.0,38.44,P2P,2024-11-01,
1280,325,347.0,352.08,P2P,2024-03-09,
1281,410,,94.24,Utility,2024-03-05,Gas
1282,265,1.0,703.81,Merchant,2024-09-28,
1283,135,148.0,51.04,P2P,2024-05-23,
1284,345,11.0,85.27,Merchant,2024-11-16,
1285,477,244.0,160.37,P2P,2024-02-04,
1286,112,9.0,190.96,Merchant,2024-02-19,
1287,383,7.0,504.01,Merchant,2024-05-14,
1288,103,377.0,124.82,P2P,2024-11-17,
1289,136,118.0,105.37,P2P,2024-11-07,
1290,128,12.0,164.44,Merchant,2024-03-09,
1291,55,472.0,43.85,P2P,2024-11-21,
1292,490,16.0,617.69,Merchant,2024-05-28,
1293,392,2.0,849.53,Merchant,2024-07-11,
1294,191,11.0,497.42,Merchant,2024-06-16,
1295,452,9.0,495.9,Merchant,2024-03-19,
1296,392,9.0,403.9,Merchant,2024-07-11,
1297,385,5.0,63.61,Merchant,2024-01-15,
1298,410,,106.1,Utility,2024-09-26,Water
1299,17,12.0,399.78,Merchant,2024-03-12,
1300,352,235.0,488.37,P2P,2024-04-01,
1301,358,15.0,322.49,Merchant,2024-12-22,
1302,5,346.0,109.32,P2P,2024-03-21,
1303,298,167.0,183.99,P2P,2024-05-11,
1304,442,,53.69,Utility,2024-05-13,Gas
1305,122,,104.84,Utility,2024-02-15,Water
1306,176,,53.1,Utility,2024-03-26,Gas
1307,108,,146.13,Utility,2024-04-15,Gas
1308,187,,70.33,Utility,2024-12-13,Electricity
1309,293,295.0,344.58,P2P,2024-04-02,
1310,417,370.0,138.62,P2P,2024-07-02,
1311,121,14.0,857.75,Merchant,2024-02-19,
1312,101,410.0,479.78,P2P,2024-10-22,
1313,77,,165.02,Utility,2024-04-19,Electricity
1314,216,,44.2,Utility,2024-03-14,Water
1315,265,11.0,787.48,Merchant,2024-10-06,
1316,154,,121.18,Utility,2024-08-17,Water
1317,25,,37.82,Utility,2024-12-08,Electricity
1318,31,417.0,130.87,P2P,2024-11-11,
1319,430,4.0,455.36,Merchant,2024-06-08,
1320,172,,84.97,Utility,2024-01-16,Water
1321,286,,81.95,Utility,2024-07-18,Gas
1322,63,,176.13,Utility,2024-03-16,Water
1323,102,19.0,653.37,Merchant,2024-05-27,
1324,276,400.0,145.88,P2P,2024-02-22,
1325,167,17.0,492.62,Merchant,2024-07-15,
1326,378,,180.13,Utility,2024-08-15,Gas
1327,315,,103.48,Utility,2024-10-07,Electricity
1328,445,328.0,404.82,P2P,2024-06-16,
1329,173,,133.63,Utility,2024-10-12,Water
1330,208,41.0,85.19,P2P,2024-04-06,
1331,117,,77.04,Utility,2025-01-03,Gas
1332,364,,128.97,Utility,2024-07-16,Gas
1333,139,,160.58,Utility,2024-09-30,Gas
1334,383,17.0,965.87,Merchant,2024-06-09,
1335,212,95.0,427.83,P2P,2024-12-02,
1336,65,8.0,665.4,Merchant,2024-07-12,
1337,482,3.0,218.47,Merchant,2024-10-15,
1338,204,49.0,36.58,P2P,2024-04-18,
1339,450,,118.72,Utility,2024-11-06,Electricity
1340,395,,114.32,Utility,2025-01-05,Electricity
1341,54,,131.26,Utility,2024-02-21,Electricity
1342,336,,75.69,Utility,2024-06-13,Electricity
1343,378,,99.77,Utility,2024-03-04,Electricity
1344,68,6.0,38.29,Merchant,2024-05-17,
1345,340,,174.87,Utility,2024-11-06,Gas
1346,443,,104.09,Utility,2025-01-12,Water
1347,479,,118.74,Utility,2024-03-06,Electricity
1348,497,18.0,185.27,Merchant,2024-06-18,
1349,306,,133.59,Utility,2024-11-10,Water
1350,450,14.0,528.23,Merchant,2024-05-21,
1351,328,10.0,909.83,Merchant,2024-12-28,
1352,247,8.0,806.66,Merchant,2024-05-03,
1353,227,,85.84,Utility,2024-11-28,Gas
1354,80,,21.9,Utility,2024-10-03,Water
1355,418,177.0,146.95,P2P,2024-10-24,
1356,274,,461.43,P2P,2024-12-18,
1357,485,,73.93,Utility,2024-06-27,Gas
1358,409,,127.46,Utility,2024-09-02,Electricity
1359,281,,53.94,Utility,2024-06-15,Water
1360,224,,64.98,Utility,2024-08-09,Water
1361,378,13.0,830.14,Merchant,2024-02-11,
1362,113,,34.26,Utility,2024-05-28,Water
1363,123,20.0,809.5,Merchant,2024-07-22,
1364,351,,71.24,Utility,2024-10-01,Water
1365,273,,94.32,Utility,2024-10-28,Electricity
1366,94,149.0,59.63,P2P,2024-08-29,
1367,234,15.0,279.41,Merchant,2024-01-25,
1368,319,,53.8,Utility,2024-04-10,Electricity
1369,78,497.0,269.81,P2P,2024-12-23,
1370,96,145.0,138.25,P2P,2024-09-07,
1371,367,,150.88,Utility,2024-03-24,Electricity
1372,47,8.0,249.32,P2P,2024-11-08,
1373,176,,76.08,Utility,2024-04-15,Gas
1374,191,,145.45,Utility,2024-06-06,Electricity
1375,170,432.0,376.53,P2P,2024-06-03,
1376,75,137.0,388.95,P2P,2024-05-25,
1377,37,16.0,189.79,Merchant,2024-07-27,
1378,459,,167.11,Utility,2024-11-29,Electricity
1379,63,8.0,390.95,Merchant,2024-01-15,
1380,500,,64.49,Utility,2024-09-08,Electricity
1381,102,,152.36,Utility,2024-09-03,Electricity
1382,267,7.0,478.1,Merchant,2024-11-01,
1383,349,,188.52,Utility,2024-06-17,Electricity
1384,323,2.0,747.28,Merchant,2025-01-04,
1385,282,4.0,260.78,Merchant,2024-02-14,
1386,327,,55.77,Utility,2024-09-21,Electricity
1387,443,7.0,973.54,Merchant,2024-04-13,
1388,121,14.0,331.27,Merchant,2024-03-08,
1389,86,,125.25,Utility,2024-07-27,Gas
1390,405,5.0,484.57,P2P,2024-03-28,
1391,298,16.0,691.52,Merchant,2024-02-01,
1392,80,,158.74,Utility,2024-04-06,Electricity
1393,81,,36.45,Utility,2024-05-11,Water
1394,174,2.0,69.18,Merchant,2024-07-02,
1395,331,360.0,270.49,P2P,2024-02-20,
1396,55,250.0,120.17,P2P,2024-05-25,
1397,286,12.0,807.47,Merchant,2024-06-12,
1398,225,7.0,31.14,Merchant,2024-09-25,
1399,194,,150.39,Utility,2024-03-24,Gas
1400,461,249.0,354.78,P2P,2024-06-28,
1401,287,,117.69,Utility,2024-03-13,Gas
1402,98,6.0,548.18,Merchant,2024-05-04,
1403,166,15.0,282.57,Merchant,2024-05-14,
1404,426,18.0,168.74,Merchant,2024-06-13,
1405,272,231.0,151.36,P2P,2024-10-03,
1406,135,12.0,459.54,Merchant,2024-11-28,
1407,398,17.0,385.25,Merchant,2024-07-19,
1408,95,318.0,429.13,P2P,2024-01-28,
1409,398,8.0,327.49,Merchant,2024-04-25,
1410,33,18.0,820.86,Merchant,2024-06-26,
1411,98,16.0,768.08,Merchant,2024-03-24,
1412,79,10.0,329.37,Merchant,2024-03-18,
1413,329,,39.88,Utility,2024-06-17,Water
1414,338,23.0,418.42,P2P,2024-10-05,
1415,67,448.0,20.48,P2P,2024-08-02,
1416,55,,54.49,Utility,2024-12-03,Electricity
1417,293,13.0,661.34,Merchant,2024-02-25,
1418,270,19.0,263.38,Merchant,2024-07-13,
1419,188,311.0,360.33,P2P,2024-11-23,
1420,7,336.0,248.25,P2P,2024-02-16,
1421,456,240.0,401.5,P2P,2024-05-28,
1422,32,,120.44,Utility,2024-10-07,Gas
1423,421,,162.96,Utility,2024-10-25,Electricity
1424,422,9.0,533.73,Merchant,2024-02-23,
1425,376,428.0,155.43,P2P,2024-09-25,
1426,484,492.0,262.15,P2P,2024-12-14,
1427,52,8.0,536.34,Merchant,2024-06-20,
1428,98,270.0,330.15,P2P,2024-11-22,
1429,292,6.0,562.84,Merchant,2024-11-23,
1430,286,,154.3,Utility,2024-01-19,Water
1431,296,,141.41,Utility,2024-03-17,Water
1432,341,,178.91,Utility,2024-05-17,Electricity
1433,406,282.0,203.77,P2P,2024-03-04,
1434,173,6.0,538.56,Merchant,2024-08-25,
1435,308,,188.03,Utility,2024-07-29,Gas
1436,282,,172.07,Utility,2024-06-12,Gas
1437,392,14.0,827.89,Merchant,2024-10-07,
1438,166,8.0,567.51,Merchant,2024-07-09,
1439,110,,157.83,Utility,2024-01-19,Water
1440,131,,193.1,Utility,2024-07-21,Gas
1441,492,,20.04,Utility,2024-09-24,Electricity
1442,146,1.0,522.43,Merchant,2024-10-01,
1443,456,,21.18,Utility,2024-06-19,Electricity
1444,110,,23.91,Utility,2024-06-27,Water
1445,422,,185.44,Utility,2024-11-09,Water
1446,285,19.0,163.17,Merchant,2024-02-05,
1447,20,,84.02,Utility,2024-05-11,Electricity
1448,136,,180.13,Utility,2024-06-28,Electricity
1449,120,,165.99,Utility,2024-04-24,Electricity
1450,293,,122.43,Utility,2024-10-29,Electricity
1451,376,371.0,165.72,P2P,2024-09-17,
1452,248,250.0,413.72,P2P,2024-02-29,
1453,354,19.0,821.32,Merchant,2024-09-05,
1454,49,10.0,47.0,Merchant,2024-11-23,
1455,414,13.0,87.69,Merchant,2024-11-21,
1456,29,,82.63,Utility,2025-01-01,Gas
1457,214,446.0,386.34,P2P,2024-07-07,
1458,383,20.0,929.37,Merchant,2024-07-27,
1459,325,13.0,63.59,Merchant,2024-06-07,
1460,269,164.0,272.27,P2P,2024-11-13,
1461,77,,110.43,Utility,2024-07-16,Electricity
1462,79,345.0,367.13,P2P,2024-10-17,
1463,202,,155.51,Utility,2024-05-24,Water
1464,259,114.0,218.81,P2P,2024-12-07,
1465,403,,46.64,Utility,2024-08-09,Gas
1466,43,,122.86,Utility,2024-06-04,Electricity
1467,281,,67.26,Utility,2024-02-27,Gas
1468,257,,159.29,Utility,2024-11-15,Electricity
1469,391,247.0,281.85,P2P,2024-03-24,
1470,250,,137.4,Utility,2024-06-27,Electricity
1471,288,17.0,253.78,Merchant,2024-08-08,
1472,37,,159.82,Utility,2024-11-05,Gas
1473,351,3.0,121.4,Merchant,2024-06-11,
1474,212,,85.75,Utility,2024-12-17,Electricity
1475,165,,126.9,Utility,2024-10-03,Electricity
1476,395,,50.47,Utility,2024-02-15,Gas
1477,316,,132.17,Utility,2024-03-13,Gas
1478,23,103.0,344.25,P2P,2024-01-17,
1479,80,3.0,121.25,Merchant,2024-05-24,
1480,28,486.0,312.4,P2P,2025-01-11,
1481,76,,22.47,Utility,2024-10-15,Water
1482,412,157.0,227.78,P2P,2024-08-31,
1483,12,,57.62,Utility,2024-04-24,Water
1484,109,280.0,264.02,P2P,2024-03-31,
1485,133,16.0,626.81,Merchant,2024-08-01,
1486,73,1.0,382.84,Merchant,2024-11-25,
1487,464,17.0,53.05,Merchant,2024-09-09,
1488,88,146.0,104.34,P2P,2024-10-23,
1489,357,9.0,62.55,Merchant,2024-12-18,
1490,336,35.0,197.38,P2P,2024-07-09,
1491,139,12.0,865.64,Merchant,2024-07-01,
1492,10,,176.13,Utility,2024-02-02,Water
1493,198,195.0,256.73,P2P,2024-07-13,
1494,364,463.0,161.15,P2P,2024-05-03,
1495,444,18.0,97.14,Merchant,2024-01-30,
1496,102,15.0,565.08,Merchant,2024-03-02,
1497,365,21.0,127.46,P2P,2024-12-17,
1498,272,,80.04,Utility,2024-07-23,Gas
1499,382,10.0,176.66,P2P,2024-07-11,
1500,181,,132.54,Utility,2024-06-05,Electricity
1501,257,,166.14,Utility,2024-02-03,Water
1502,132,,180.27,Utility,2024-12-25,Electricity
1503,484,9.0,233.33,Merchant,2024-09-03,
1504,175,,138.25,Utility,2024-10-07,Electricity
1505,374,,113.73,Utility,2024-06-06,Water
1506,314,8.0,423.16,Merchant,2024-04-21,
1507,294,219.0,485.42,P2P,2024-06-28,
1508,466,11.0,454.68,Merchant,2024-05-25,
1509,68,335.0,73.6,P2P,2024-10-03,
1510,278,7.0,863.96,Merchant,2024-05-09,
1511,159,17.0,910.47,Merchant,2024-11-07,
1512,221,336.0,466.85,P2P,2024-11-28,
1513,470,163.0,38.57,P2P,2024-01-24,
1514,273,4.0,192.29,Merchant,2024-08-12,
1515,430,373.0,19.59,P2P,2024-04-27,
1516,164,,193.02,Utility,2024-03-24,Gas
1517,227,9.0,160.44,Merchant,2024-05-07,
1518,97,68.0,96.45,P2P,2024-06-01,
1519,391,20.0,274.19,Merchant,2024-06-24,
1520,291,8.0,600.4,Merchant,2024-01-21,
1521,119,1.0,365.67,Merchant,2024-07-06,
1522,353,,44.14,Utility,2024-05-20,Water
1523,241,12.0,192.14,Merchant,2024-05-09,
1524,199,,105.29,Utility,2024-09-17,Electricity
1525,99,17.0,207.25,P2P,2024-01-28,
1526,497,474.0,138.58,P2P,2024-09-02,
1527,212,381.0,337.31,P2P,2024-02-27,
1528,104,34.0,92.65,P2P,2024-06-01,
1529,489,,176.08,Utility,2024-10-25,Gas
1530,353,,176.02,Utility,2024-01-29,Electricity
1531,219,,159.72,Utility,2024-08-08,Water
1532,377,,149.64,Utility,2024-10-27,Gas
1533,314,19.0,597.87,Merchant,2024-06-16,
1534,269,2.0,525.44,Merchant,2024-04-20,
1535,232,,168.86,Utility,2024-03-23,Electricity
1536,450,266.0,271.25,P2P,2024-02-16,
1537,377,286.0,196.76,P2P,2024-08-09,
1538,392,2.0,197.95,Merchant,2024-02-20,
1539,226,,179.19,Utility,2024-03-03,Gas
1540,237,217.0,150.74,P2P,2024-10-23,
1541,471,354.0,260.9,P2P,2024-03-11,
1542,73,,169.38,Utility,2024-09-16,Gas
1543,47,17.0,122.04,Merchant,2024-07-24,
1544,399,18.0,143.95,Merchant,2024-06-30,
1545,212,,101.16,Utility,2024-12-26,Electricity
1546,233,7.0,883.72,Merchant,2024-04-30,
1547,47,,78.33,Utility,2024-05-28,Water
1548,465,6.0,721.19,Merchant,2024-07-10,
1549,64,59.0,354.58,P2P,2024-10-08,
1550,325,,35.36,Utility,2024-09-10,Water
1551,197,17.0,615.95,Merchant,2024-04-18,
1552,82,,119.06,Utility,2025-01-05,Electricity
1553,394,468.0,170.92,P2P,2024-11-30,
1554,447,5.0,170.5,Merchant,2024-12-30,
1555,75,394.0,357.46,P2P,2024-12-04,
1556,215,,75.71,Utility,2025-01-11,Gas
1557,148,6.0,126.38,Merchant,2024-10-25,
1558,68,2.0,313.17,P2P,2024-11-28,
1559,130,235.0,251.33,P2P,2024-08-05,
1560,256,1.0,611.9,Merchant,2024-08-23,
1561,253,112.0,296.49,P2P,2024-07-11,
1562,244,,93.83,Utility,2024-01-30,Electricity
1563,308,1.0,252.27,Merchant,2024-02-13,
1564,281,,131.56,Utility,2024-05-20,Water
1565,420,26.0,96.5,P2P,2024-06-07,
1566,29,12.0,46.35,Merchant,2024-01-29,
1567,438,342.0,291.16,P2P,2024-03-11,
1568,309,,79.6,Utility,2024-09-07,Electricity
1569,26,214.0,496.9,P2P,2024-10-22,
1570,83,10.0,614.98,Merchant,2024-09-18,
1571,355,20.0,576.56,Merchant,2024-11-25,
1572,288,495.0,230.39,P2P,2024-12-22,
1573,297,,187.67,Utility,2024-02-23,Electricity
1574,394,,78.11,Utility,2024-06-11,Gas
1575,420,389.0,216.53,P2P,2024-08-01,
1576,282,150.0,238.05,P2P,2024-10-22,
1577,63,9.0,335.92,Merchant,2024-02-14,
1578,212,7.0,698.87,Merchant,2024-05-25,
1579,314,56.0,287.83,P2P,2025-01-09,
1580,323,3.0,488.83,Merchant,2024-09-18,
1581,353,10.0,432.78,Merchant,2024-10-31,
1582,435,,66.74,Utility,2024-05-11,Water
1583,320,,186.88,Utility,2024-06-27,Water
1584,289,,113.55,Utility,2024-06-18,Water
1585,255,,165.44,Utility,2024-01-23,Water
1586,120,10.0,979.47,Merchant,2024-03-26,
1587,1,13.0,235.12,P2P,2024-10-31,
1588,408,378.0,424.79,P2P,2024-04-23,
1589,410,14.0,419.9,Merchant,2024-10-21,
1590,171,,120.87,Utility,2024-09-24,Water
1591,109,328.0,104.59,P2P,2024-10-29,
1592,145,,162.24,Utility,2024-12-22,Gas
1593,154,18.0,330.68,Merchant,2024-02-14,
1594,4,352.0,169.98,P2P,2024-12-05,
1595,203,19.0,619.83,Merchant,2025-01-03,
1596,15,100.0,168.6,P2P,2024-07-01,
1597,174,16.0,917.0,Merchant,2024-02-29,
1598,409,331.0,72.2,P2P,2024-11-18,
1599,80,15.0,893.14,Merchant,2024-03-29,
1600,275,,103.24,Utility,2024-08-23,Gas
1601,476,2.0,836.75,Merchant,2024-04-25,
1602,154,11.0,559.63,Merchant,2024-05-11,
1603,10,296.0,344.32,P2P,2024-09-10,
1604,410,,31.92,Utility,2024-08-01,Electricity
1605,144,174.0,491.89,P2P,2024-08-11,
1606,321,6.0,575.27,Merchant,2024-12-11,
1607,200,305.0,62.84,P2P,2024-11-18,
1608,401,,146.95,Utility,2024-04-18,Gas
1609,364,140.0,209.87,P2P,2024-10-10,
1610,255,191.0,228.69,P2P,2024-11-20,
1611,487,,58.91,Utility,2024-02-02,Gas
1612,90,192.0,393.55,P2P,2024-06-08,
1613,399,468.0,50.84,P2P,2024-08-24,
1614,260,410.0,243.92,P2P,2024-07-16,
1615,257,98.0,173.36,P2P,2024-04-07,
1616,248,17.0,317.26,Merchant,2024-11-05,
1617,168,394.0,436.54,P2P,2025-01-12,
1618,421,5.0,213.14,Merchant,2024-07-02,
1619,19,,89.77,Utility,2024-04-30,Water
1620,60,160.0,466.51,P2P,2024-10-31,
1621,352,3.0,339.96,Merchant,2024-10-08,
1622,456,53.0,262.69,P2P,2024-11-12,
1623,338,10.0,32.26,Merchant,2024-03-27,
1624,389,,134.99,Utility,2024-05-01,Electricity
1625,165,99.0,146.85,P2P,2024-07-27,
1626,273,,159.1,Utility,2024-10-01,Water
1627,61,,46.88,Utility,2024-02-01,Gas
1628,59,491.0,313.36,P2P,2024-09-05,
1629,264,106.0,273.55,P2P,2024-06-17,
1630,282,,68.79,Utility,2025-01-02,Water
1631,412,,123.33,Utility,2024-03-25,Electricity
1632,37,,130.39,Utility,2024-10-04,Gas
1633,277,,29.13,Utility,2024-05-04,Electricity
1634,242,2.0,114.87,Merchant,2024-04-29,
1635,28,219.0,199.0,P2P,2024-01-16,
1636,361,19.0,633.18,Merchant,2024-06-21,
1637,354,15.0,620.15,Merchant,2024-04-04,
1638,160,,167.14,Utility,2024-01-22,Water
1639,389,18.0,87.76,Merchant,2024-11-13,
1640,473,,122.2,Utility,2024-06-23,Electricity
1641,417,15.0,106.29,Merchant,2024-09-26,
1642,159,15.0,475.84,Merchant,2024-03-05,
1643,486,74.0,431.24,P2P,2024-04-30,
1644,316,,184.32,Utility,2024-04-27,Gas
1645,94,11.0,790.89,Merchant,2024-07-12,
1646,452,,101.59,Utility,2024-09-03,Electricity
1647,34,,40.32,Utility,2024-11-16,Gas
1648,237,145.0,385.13,P2P,2024-09-17,
1649,310,5.0,512.87,Merchant,2024-05-17,
1650,208,4.0,332.61,Merchant,2024-02-21,
1651,333,406.0,154.55,P2P,2024-04-09,
1652,237,,126.3,Utility,2024-04-11,Electricity
1653,318,281.0,83.72,P2P,2024-01-22,
1654,247,,31.89,Utility,2024-10-16,Electricity
1655,417,19.0,436.84,Merchant,2024-05-20,
1656,223,11.0,549.08,Merchant,2024-04-09,
1657,121,340.0,336.45,P2P,2024-02-08,
1658,379,19.0,838.38,Merchant,2024-09-08,
1659,59,20.0,468.28,Merchant,2024-05-05,
1660,285,421.0,225.38,P2P,2024-10-23,
1661,158,,32.53,Utility,2024-10-17,Electricity
1662,351,13.0,334.13,Merchant,2024-09-07,
1663,331,2.0,99.63,Merchant,2024-12-01,
1664,419,455.0,292.48,P2P,2024-07-11,
1665,387,1.0,759.51,Merchant,2024-08-30,
1666,339,232.0,267.97,P2P,2024-06-26,
1667,200,19.0,452.69,Merchant,2024-09-17,
1668,106,11.0,306.74,Merchant,2024-09-02,
1669,407,10.0,919.32,Merchant,2024-05-21,
1670,480,,149.2,Utility,2024-08-12,Gas
1671,46,1.0,615.38,Merchant,2024-06-14,
1672,262,,172.57,Utility,2024-07-17,Gas
1673,32,,182.19,Utility,2025-01-10,Electricity
1674,1,18.0,822.55,Merchant,2024-08-18,
1675,184,441.0,144.69,P2P,2024-01-19,
1676,16,222.0,352.6,P2P,2024-05-27,
1677,202,11.0,714.66,Merchant,2024-05-26,
1678,208,,98.33,Utility,2024-05-18,Electricity
1679,340,244.0,73.84,P2P,2024-05-28,
1680,285,,171.8,Utility,2024-11-29,Gas
1681,431,,47.77,Utility,2024-07-05,Water
1682,65,6.0,40.51,P2P,2024-03-13,
1683,9,370.0,443.02,P2P,2024-07-12,
1684,337,,195.5,Utility,2024-12-11,Electricity
1685,44,329.0,403.94,P2P,2024-10-29,
1686,441,,180.84,Utility,2024-07-26,Water
1687,310,,132.18,Utility,2024-04-05,Gas
1688,261,,119.37,Utility,2024-08-08,Gas
1689,197,,60.63,Utility,2024-10-11,Gas
1690,310,296.0,251.59,P2P,2024-03-21,
1691,375,365.0,253.36,P2P,2024-10-02,
1692,211,19.0,373.3,Merchant,2024-06-14,
1693,20,16.0,707.83,Merchant,2024-04-23,
1694,58,16.0,962.12,Merchant,2024-06-19,
1695,41,374.0,366.99,P2P,2024-01-27,
1696,440,,103.69,Utility,2024-09-27,Electricity
1697,268,3.0,252.78,Merchant,2024-12-10,
1698,323,3.0,687.23,Merchant,2024-08-23,
1699,277,10.0,616.91,Merchant,2024-02-14,
1700,463,,116.31,Utility,2024-09-16,Electricity
1701,241,,112.28,Utility,2024-07-21,Gas
1702,294,11.0,426.81,Merchant,2024-08-19,
1703,492,,72.06,Utility,2024-05-28,Electricity
1704,356,10.0,729.7,Merchant,2024-02-16,
1705,289,,31.06,Utility,2024-04-04,Gas
1706,297,294.0,30.55,P2P,2024-10-31,
1707,150,20.0,37.03,Merchant,2024-08-07,
1708,249,65.0,255.27,P2P,2024-06-06,
1709,436,,65.37,Utility,2024-05-12,Water
1710,144,,174.41,Utility,2024-05-07,Electricity
1711,380,310.0,91.43,P2P,2024-11-01,
1712,303,5.0,662.56,Merchant,2024-05-16,
1713,190,134.0,392.35,P2P,2024-07-08,
1714,121,,52.55,Utility,2024-10-02,Water
1715,442,176.0,492.12,P2P,2024-07-14,
1716,496,305.0,467.3,P2P,2024-01-26,
1717,79,,155.5,Utility,2024-03-15,Gas
1718,395,,62.83,Utility,2024-09-13,Gas
1719,372,6.0,218.75,Merchant,2024-08-29,
1720,376,,29.78,Utility,2024-03-19,Gas
1721,387,27.0,87.96,P2P,2024-09-13,
1722,205,,74.25,Utility,2024-05-30,Water
1723,486,8.0,386.0,Merchant,2024-08-21,
1724,362,,105.43,Utility,2024-06-30,Electricity
1725,272,,22.14,Utility,2024-06-24,Gas
1726,196,11.0,962.15,Merchant,2024-11-07,
1727,350,50.0,459.27,P2P,2024-01-24,
1728,327,,192.11,Utility,2024-11-01,Gas
1729,313,9.0,341.62,Merchant,2024-05-04,
1730,137,131.0,328.9,P2P,2024-08-18,
1731,201,,159.17,Utility,2024-10-29,Water
1732,124,19.0,772.79,Merchant,2024-07-23,
1733,267,,141.99,Utility,2024-04-15,Electricity
1734,161,1.0,676.07,Merchant,2024-06-08,
1735,426,7.0,208.57,P2P,2025-01-06,
1736,269,351.0,225.74,P2P,2024-08-10,
1737,113,10.0,259.38,Merchant,2024-03-06,
1738,18,318.0,50.51,P2P,2024-06-09,
1739,481,7.0,950.98,Merchant,2024-09-06,
1740,327,363.0,479.11,P2P,2024-12-09,
1741,45,5.0,382.2,Merchant,2024-03-02,
1742,392,19.0,805.17,Merchant,2024-02-21,
1743,95,357.0,96.21,P2P,2024-06-16,
1744,151,,138.89,Utility,2024-04-08,Electricity
1745,328,,186.09,Utility,2024-04-06,Gas
1746,394,,144.6,Utility,2024-02-26,Water
1747,395,,66.32,Utility,2024-08-23,Electricity
1748,142,196.0,197.35,P2P,2024-05-06,
1749,31,,192.01,Utility,2024-03-24,Gas
1750,92,,32.49,Utility,2024-12-15,Electricity
1751,313,,52.12,Utility,2024-03-16,Gas
1752,56,277.0,385.51,P2P,2024-11-07,
1753,112,4.0,913.48,Merchant,2024-11-11,
1754,367,,38.59,Utility,2024-10-26,Electricity
1755,37,9.0,779.46,Merchant,2024-06-18,
1756,10,,46.79,Utility,2024-08-15,Water
1757,1,341.0,198.29,P2P,2024-06-21,
1758,78,11.0,905.57,Merchant,2024-05-30,
1759,295,264.0,355.26,P2P,2024-11-01,
1760,395,,106.07,Utility,2024-04-08,Gas
1761,433,3.0,544.73,Merchant,2024-06-25,
1762,2,,191.75,Utility,2024-12-29,Gas
1763,63,18.0,935.69,Merchant,2024-09-03,
1764,184,,142.73,Utility,2024-05-02,Gas
1765,29,3.0,371.7,Merchant,2024-05-18,
1766,437,,34.48,Utility,2024-11-09,Gas
1767,390,,136.6,Utility,2024-06-04,Electricity
1768,284,496.0,195.16,P2P,2024-09-15,
1769,98,,145.26,Utility,2024-02-25,Electricity
1770,323,12.0,491.64,Merchant,2024-09-28,
1771,454,15.0,737.97,Merchant,2024-12-23,
1772,72,99.0,17.56,P2P,2024-10-07,
1773,304,251.0,197.44,P2P,2024-09-16,
1774,406,10.0,504.69,Merchant,2024-11-05,
1775,495,,193.98,Utility,2024-09-18,Electricity
1776,19,,30.09,Utility,2024-05-17,Water
1777,22,,41.27,Utility,2024-07-28,Water
1778,342,15.0,940.69,Merchant,2024-08-10,
1779,446,5.0,743.64,Merchant,2024-08-08,
1780,120,19.0,369.05,P2P,2024-06-15,
1781,251,1.0,476.51,Merchant,2024-04-11,
1782,471,2.0,250.26,Merchant,2024-12-13,
1783,333,8.0,90.26,P2P,2024-06-19,
1784,26,,167.73,Utility,2024-07-25,Electricity
1785,234,6.0,837.0,Merchant,2024-11-03,
1786,33,59.0,251.09,P2P,2024-07-13,
1787,410,8.0,72.48,Merchant,2024-05-05,
1788,104,,80.72,Utility,2024-11-30,Water
1789,348,,78.36,Utility,2025-01-08,Water
1790,295,5.0,328.37,Merchant,2024-07-07,
1791,494,392.0,27.57,P2P,2024-03-15,
1792,89,,31.38,Utility,2025-01-07,Gas
1793,73,,50.25,Utility,2024-12-19,Gas
1794,284,225.0,125.6,P2P,2024-03-23,
1795,298,69.0,54.48,P2P,2024-06-18,
1796,434,20.0,382.37,Merchant,2024-05-06,
1797,81,451.0,246.05,P2P,2024-01-16,
1798,4,92.0,463.44,P2P,2024-08-08,
1799,362,19.0,888.05,Merchant,2024-12-02,
1800,214,16.0,695.43,Merchant,2024-05-23,
1801,106,328.0,139.12,P2P,2024-11-06,
1802,231,,63.07,Utility,2024-07-13,Electricity
1803,313,,600.31,Merchant,2024-09-25,
1804,368,,130.17,Utility,2024-03-21,Electricity
1805,322,,82.61,Utility,2024-10-06,Electricity
1806,286,99.0,63.17,P2P,2025-01-01,
1807,272,317.0,184.14,P2P,2024-02-22,
1808,390,17.0,227.08,Merchant,2024-06-11,
1809,395,7.0,283.66,Merchant,2024-08-27,
1810,100,408.0,78.86,P2P,2024-09-24,
1811,433,,109.55,Utility,2024-06-25,Electricity
1812,344,28.0,324.21,P2P,2024-06-25,
1813,146,223.0,129.43,P2P,2024-06-22,
1814,316,,27.8,Utility,2024-03-28,Water
1815,27,6.0,166.47,Merchant,2024-09-18,
1816,15,,112.68,Utility,2024-01-26,Electricity
1817,459,370.0,225.19,P2P,2024-09-11,
1818,297,,95.43,Utility,2024-04-11,Water
1819,347,,61.41,Utility,2024-03-08,Electricity
1820,167,51.0,122.37,P2P,2024-09-07,
1821,212,193.0,446.23,P2P,2024-09-11,
1822,38,,125.32,Utility,2024-07-28,Electricity
1823,456,,46.09,Utility,2024-02-15,Water
1824,233,199.0,189.88,P2P,2024-09-03,
1825,235,7.0,635.7,Merchant,2024-08-23,
1826,500,,56.4,Utility,2024-10-25,Electricity
1827,17,19.0,69.06,Merchant,2024-06-21,
1828,70,437.0,235.44,P2P,2024-01-23,
1829,215,390.0,175.07,P2P,2024-05-20,
1830,454,,128.65,Utility,2024-09-07,Water
1831,488,6.0,582.34,Merchant,2024-04-21,
1832,284,45.0,208.79,P2P,2024-03-19,
1833,268,,175.2,Utility,2024-08-23,Electricity
1834,303,,170.66,Utility,2024-09-13,Gas
1835,8,14.0,738.82,Merchant,2024-07-16,
1836,127,168.0,219.95,P2P,2024-10-06,
1837,114,5.0,914.62,Merchant,2024-02-19,
1838,460,214.0,490.19,P2P,2024-06-06,
1839,21,,152.03,Utility,2024-01-23,Water
1840,18,,115.6,Utility,2024-10-29,Gas
1841,415,4.0,457.92,Merchant,2024-09-04,
1842,124,286.0,377.77,P2P,2024-12-23,
1843,355,14.0,950.43,Merchant,2024-11-16,
1844,68,,73.24,Utility,2024-09-25,Water
1845,47,246.0,336.17,P2P,2024-06-14,
1846,83,15.0,859.34,Merchant,2024-08-16,
1847,383,1.0,976.66,Merchant,2024-07-31,
1848,238,448.0,353.05,P2P,2024-12-15,
1849,95,,132.83,Utility,2024-03-29,Water
1850,325,441.0,315.52,P2P,2024-12-10,
1851,198,11.0,535.61,Merchant,2025-01-03,
1852,152,,155.52,Utility,2024-03-17,Water
1853,485,18.0,579.48,Merchant,2024-07-10,
1854,107,3.0,624.25,Merchant,2024-06-06,
1855,172,2.0,519.59,Merchant,2024-10-21,
1856,466,12.0,889.1,Merchant,2024-12-19,
1857,57,,85.81,Utility,2024-04-16,Water
1858,21,,85.96,Utility,2024-03-23,Water
1859,287,3.0,565.15,Merchant,2024-07-16,
1860,397,71.0,490.72,P2P,2025-01-12,
1861,123,4.0,652.55,Merchant,2024-10-17,
1862,378,7.0,755.64,Merchant,2025-01-06,
1863,390,165.0,179.59,P2P,2024-04-01,
1864,137,14.0,284.37,Merchant,2024-05-19,
1865,33,,82.14,Utility,2024-03-06,Gas
1866,257,4.0,475.46,Merchant,2024-05-07,
1867,273,18.0,900.46,Merchant,2024-02-09,
1868,232,12.0,801.9,Merchant,2024-12-27,
1869,485,3.0,196.47,Merchant,2024-01-26,
1870,453,,35.72,Utility,2024-04-04,Gas
1871,460,148.0,479.34,P2P,2024-08-26,
1872,40,85.0,141.59,P2P,2024-07-12,
1873,357,255.0,79.5,P2P,2024-07-11,
1874,105,1.0,300.24,Merchant,2024-04-19,
1875,497,18.0,932.4,Merchant,2024-10-06,
1876,243,,95.62,Utility,2024-09-05,Water
1877,331,150.0,98.59,P2P,2024-07-05,
1878,12,428.0,473.99,P2P,2024-04-17,
1879,331,,94.1,Utility,2024-11-19,Gas
1880,336,11.0,491.29,Merchant,2024-03-23,
1881,341,17.0,843.49,Merchant,2024-07-12,
1882,228,,74.73,Utility,2024-07-27,Electricity
1883,460,,50.91,Utility,2024-09-20,Gas
1884,117,,86.94,Utility,2024-02-27,Gas
1885,395,76.0,179.79,P2P,2024-11-22,
1886,234,317.0,462.45,P2P,2024-09-05,
1887,365,10.0,190.46,Merchant,2024-12-05,
1888,90,5.0,169.64,Merchant,2024-05-22,
1889,60,163.0,289.39,P2P,2024-12-18,
1890,226,,86.54,Utility,2025-01-06,Electricity
1891,288,2.0,668.9,Merchant,2025-01-01,
1892,177,191.0,226.97,P2P,2024-03-16,
1893,500,274.0,154.27,P2P,2024-04-19,
1894,472,208.0,465.88,P2P,2024-07-12,
1895,394,486.0,231.73,P2P,2024-10-21,
1896,164,3.0,485.22,P2P,2024-02-11,
1897,280,11.0,650.77,Merchant,2024-01-17,
1898,152,,181.28,Utility,2024-10-31,Water
1899,342,410.0,284.79,P2P,2024-01-27,
1900,465,,80.96,Utility,2024-10-05,Electricity
1901,375,,182.03,Utility,2024-10-03,Electricity
1902,348,4.0,315.0,Merchant,2024-06-20,
1903,206,8.0,451.51,Merchant,2024-12-16,
1904,48,,29.91,Utility,2024-08-03,Water
1905,100,17.0,229.92,Merchant,2024-07-15,
1906,480,,55.23,Utility,2024-12-14,Electricity
1907,276,,141.87,Utility,2024-06-12,Electricity
1908,500,13.0,202.51,Merchant,2024-02-11,
1909,163,20.0,516.44,Merchant,2024-11-14,
1910,29,12.0,403.58,Merchant,2024-06-24,
1911,367,,86.53,Utility,2024-04-24,Gas
1912,7,,82.09,Utility,2024-12-23,Gas
1913,229,3.0,223.54,Merchant,2024-10-19,
1914,455,,153.47,Utility,2024-08-10,Gas
1915,412,,71.95,Utility,2024-03-01,Water
1916,497,,151.15,Utility,2024-10-18,Gas
1917,72,20.0,95.22,Merchant,2024-11-11,
1918,107,,105.43,Utility,2024-09-06,Water
1919,172,478.0,480.25,P2P,2024-09-22,
1920,388,,35.92,Utility,2024-08-09,Gas
1921,328,,94.61,Utility,2024-10-18,Water
1922,237,19.0,757.69,Merchant,2024-01-24,
1923,71,96.0,416.98,P2P,2024-07-03,
1924,149,16.0,51.81,Merchant,2024-07-19,
1925,424,,170.23,Utility,2024-12-01,Gas
1926,253,15.0,232.28,Merchant,2024-10-22,
1927,406,79.0,135.03,P2P,2024-02-07,
1928,490,16.0,132.94,Merchant,2024-05-07,
1929,341,,95.09,Utility,2024-11-25,Gas
1930,465,8.0,38.16,Merchant,2024-06-17,
1931,392,,108.75,Utility,2025-01-25,Electricity
1932,307,12.0,585.26,Merchant,2024-11-29,
1933,290,,176.3,Utility,2024-10-22,Water
1934,352,,195.37,Utility,2024-11-08,Electricity
1935,192,19.0,27.37,Merchant,2024-01-30,
1936,133,298.0,33.96,P2P,2024-06-04,
1937,164,,178.1,Utility,2024-06-18,Electricity
1938,183,28.0,139.97,P2P,2024-10-19,
1939,215,12.0,58.23,Merchant,2025-01-09,
1940,150,3.0,518.73,Merchant,2024-07-31,
1941,393,6.0,767.04,Merchant,2024-09-15,
1942,307,279.0,164.69,P2P,2024-09-23,
1943,162,10.0,278.74,Merchant,2024-07-03,
1944,358,12.0,104.88,Merchant,2024-06-29,
1945,297,,168.2,Utility,2024-11-15,Electricity
1946,71,10.0,379.28,Merchant,2024-03-03,
1947,249,,81.26,Utility,2024-02-24,Electricity
1948,53,80.0,254.17,P2P,2024-03-11,
1949,426,408.0,449.04,P2P,2024-12-08,
1950,315,17.0,847.61,Merchant,2024-04-25,
1951,365,4.0,423.17,Merchant,2024-11-04,
1952,470,60.0,410.33,P2P,2024-11-30,
1953,473,246.0,177.36,P2P,2024-08-27,
1954,354,,45.02,Utility,2024-11-02,Gas
1955,456,17.0,765.95,Merchant,2024-11-17,
1956,176,364.0,155.82,P2P,2024-02-27,
1957,382,114.0,68.71,P2P,2024-10-21,
1958,356,353.0,117.15,P2P,2024-03-20,
1959,65,67.0,490.65,P2P,2024-06-05,
1960,218,4.0,86.96,Merchant,2024-06-23,
1961,397,,156.32,Utility,2024-09-25,Electricity
1962,101,17.0,397.56,P2P,2024-05-25,
1963,263,2.0,474.39,Merchant,2024-03-10,
1964,466,,27.79,Utility,2025-01-03,Gas
1965,342,387.0,52.77,P2P,2024-04-18,
1966,64,7.0,591.73,Merchant,2024-11-18,
1967,103,344.0,179.01,P2P,2024-07-20,
1968,47,434.0,374.37,P2P,2024-04-05,
1969,143,12.0,358.68,Merchant,2024-04-26,
1970,438,20.0,249.4,Merchant,2024-02-21,
1971,292,51.0,410.7,P2P,2024-05-22,
1972,391,271.0,112.41,P2P,2024-09-20,
1973,99,,50.92,Utility,2024-10-10,Water
1974,3,4.0,924.99,Merchant,2024-02-12,
1975,472,16.0,372.8,Merchant,2024-07-10,
1976,302,226.0,338.4,P2P,2024-12-29,
1977,55,428.0,180.64,P2P,2024-10-16,
1978,195,,58.57,Utility,2024-07-23,Electricity
1979,209,390.0,492.38,P2P,2024-11-02,
1980,64,,39.86,Utility,2024-04-19,Electricity
1981,254,,146.85,Utility,2024-11-03,Water
1982,370,43.0,167.42,P2P,2024-04-24,
1983,60,,71.05,Utility,2024-05-26,Water
1984,377,,143.67,Utility,2024-05-08,Gas
1985,116,14.0,297.68,Merchant,2024-10-08,
1986,438,,53.98,Utility,2024-07-05,Electricity
1987,459,,189.03,Utility,2024-05-22,Gas
1988,92,346.0,248.37,P2P,2024-11-15,
1989,54,,98.85,Utility,2024-07-07,Water
1990,347,62.0,75.97,P2P,2024-10-12,
1991,206,19.0,977.8,Merchant,2024-04-24,
1992,380,34.0,185.04,P2P,2024-08-22,
1993,102,,56.05,Utility,2024-04-30,Gas
1994,63,430.0,215.23,P2P,2024-09-01,
1995,256,,157.67,Utility,2024-01-28,Water
1996,304,,156.13,Utility,2024-11-05,Water
1997,483,,84.1,Utility,2024-03-09,Water
1998,309,,197.75,Utility,2024-03-12,Water
1999,143,394.0,230.04,P2P,2024-08-04,
2000,63,,108.08,Utility,2024-05-06,Electricity
